NO,NO2,발화,발화1,발화1의 우선순위,발화2,발화2의 우선순위,발화3,발화3의 우선순위,최종분류(우선순위 가장 높은것 선택)
1,6438,상담직원과 빠른연결했슴좋겠어요,불만>고객서비스>상담시스템,5,,,,,5
2,6850,안기다리고. 빨리상담되었음좋겠다,불만>고객서비스>상담시스템,5,,,,,5
3,7294,너무 오래기다리고 상담이 늦어져요,불만>고객서비스>상담시스템,5,,,,,5
4,9484,상담직원과  통화가  매우  힘들다,불만>고객서비스>상담시스템,5,,,,,5
5,10350,상담받으려면오래기다리는게불편함,불만>고객서비스>상담시스템,5,,,,,5
6,11435,상담하려면 많이기다려야하는게 불편합니다.,불만>고객서비스>상담시스템,5,,,,,5
7,12111,상담원이통화중이라많이기다려야해요,불만>고객서비스>상담시스템,5,,,,,5
8,12155,상담직원과의연결이 빠르게연결되면촣겠습니다,불만>고객서비스>상담시스템,5,,,,,5
9,12595,ars상담직원넘많이기다려야하는불편해요,불만>삼성카드>상담/채널,33,불만>고객서비스>상담시스템,5.0,,,5
10,12745,상담원 통화가너믜힘듬,불만>고객서비스>상담시스템,5,,,,,5
11,12748,상담원과의 연결이빨리되었으면감사힘니다,불만>고객서비스>상담시스템,5,,,,,5
12,12751,상담원이 영결이많이힘이듬,불만>고객서비스>상담시스템,5,,,,,5
13,12840,5번질문에 대한 답변은 상담직원 연결되기까지 기다리는것말곤없는듯,불만>고객서비스>상담시스템,5,,,,,5
14,13164,상담을 하려면 좀 많이기다려야 상담사분이 나오셔서 그게좀 불편하네요,불만>고객서비스>상담시스템,5,,,,,5
15,15618,Talk 상담이 다시 생겼으면..,불만>고객서비스>상담시스템,5,,,,,5
16,16886,상담하려하는  기다리는시간    너무길다,불만>고객서비스>상담시스템,5,,,,,5
17,18188,상담직원과 빠른속도로  연결이되길 원합니다,불만>고객서비스>상담시스템,5,,,,,5
18,18191,상담직원과 빠른연결부탁드립니다,불만>고객서비스>상담시스템,5,,,,,5
19,18225,상담직원과통화하기가힘들다,불만>고객서비스>상담시스템,5,,,,,5
20,19989,상담한번받을려면 보통5분이상대기해야실질상담은2분미만인데.,불만>고객서비스>상담시스템,5,,,,,5
21,20134,직원상담 시간너무지연됨 짜증유발,불만>고객서비스>상담시스템,5,,,,,5
22,20168,상담톡이 부족,불만>고객서비스>상담시스템,5,,,,,5
23,20480,상담사와 연결부분이  어려웠어요,불만>고객서비스>상담시스템,5,,,,,5
24,20506,톡상담 인원을 늘려주세요.요즘 같은 때에는 전화상담보다 톡상담이 더 신속하고 일처리가 빠른데 인원이 너무 적은듯.....매번 기다리다 일처리 못하고 그냥 지나간적이 한두번이 아닙니다,불만>고객서비스>상담시스템,5,,,,,5
25,22076,ARS지동응답불필요한안내축소 상담직원과 빠른연결을원합니다  추석연휴 잘 보내세요,불만>삼성카드>상담/채널,33,불만>고객서비스>상담시스템,5.0,칭찬>기타,24.0,5
26,22283,1  상담원과의 대화 까지 소요되는시간이길어서힘들었음2.  삼성카드사의 직원과 면대면하여 질문+답변이 되길수있으면 좋겠습니다.,불만>고객서비스>상담시스템,5,,,,,5
27,22749,문자상담이나 온라인 상담이 가능한 부분이 많아졌으면 좋겠습니다.,불만>고객서비스>상담시스템,5,,,,,5
28,22758,상담 직원과 연결이 좀  신속 했으면 좋겟네요,불만>고객서비스>상담시스템,5,,,,,5
29,23572,상담번호를  남겼는데  너무  늦게  주심이  넘 불만입니다,불만>고객서비스>상담시스템,5,,,,,5
30,23621,상담직원대기시간이 짫았으면 한다,불만>고객서비스>상담시스템,5,,,,,5
31,23862,고객입장에선 통화하기가 쉬웠으면합니다,불만>고객서비스>상담시스템,5,,,,,5
32,24019,VIP전용상담원이  잇엇으면,불만>고객서비스>상담시스템,5,,,,,5
33,24469,ㅠㅠ전화상담좀 빠르게 되었으면좋겠어용,불만>고객서비스>상담시스템,5,,,,,5
34,24504,상당직원연결이잘안됨,불만>고객서비스>상담시스템,5,,,,,5
35,24687,상담원 연결이 정말 힘들었다.,불만>고객서비스>상담시스템,5,,,,,5
36,24696,고객이 기다리지 않게 안내 직원 확대부탁합니다^^,불만>고객서비스>상담시스템,5,,,,,5
37,24759,상담원 연결이 어려워요ㅠㅠ10번이상 시도 해야함,불만>고객서비스>상담시스템,5,,,,,5
38,24830,주말에도 24시 상담사연결 직접되었으면,불만>고객서비스>상담시스템,5,,,,,5
39,24847,골드회원 전용전화 상담원 비치되어있 으면좋겠어요,불만>고객서비스>상담시스템,5,,,,,5
40,24852,주말에도 운영 하였으면 합니다.,불만>고객서비스>상담시스템,5,,,,,5
41,24853,주말과 공휴일에도 이용가능하면 좋겠다,불만>고객서비스>상담시스템,5,,,,,5
42,24865,"주말이나 공휴일에도 급한 업무를 처리할 수 있게, 비상 상담원 배치 필요합니다.",불만>고객서비스>상담시스템,5,,,,,5
43,24868,실시간 채팅상담 만들어주세요,불만>고객서비스>상담시스템,5,,,,,5
44,24883,통화연결대기시간이길다,불만>고객서비스>상담시스템,5,,,,,5
45,24885,상담원 전화연결이될때까지 대기시간이 많이길다.,불만>고객서비스>상담시스템,5,,,,,5
46,24888,상담원연결 대기시간이 짧아졌으면 좋겠어용!,불만>고객서비스>상담시스템,5,,,,,5
47,24889,상담원 연결까지 대기시간이 너무길어요.,불만>고객서비스>상담시스템,5,,,,,5
48,24890,상담원과 연결되는 대기시간이 너무길음,불만>고객서비스>상담시스템,5,,,,,5
49,24891,상담원연결 대기시간이짧았음합니다,불만>고객서비스>상담시스템,5,,,,,5
50,24892,통화 연결대기 시간이 너무 길지않았으면 합니다.,불만>고객서비스>상담시스템,5,,,,,5
51,24893,상담원 연결대기 시간이 길지않으면 합니다,불만>고객서비스>상담시스템,5,,,,,5
52,24896,상담원 통화 대기시간이 너무길다,불만>고객서비스>상담시스템,5,,,,,5
53,24897,상담원과 통화하  대기시간이 너무길어요,불만>고객서비스>상담시스템,5,,,,,5
54,24898,상담원과의 통화 대기시간이  짧앗으면  좋겟음ᆢ,불만>고객서비스>상담시스템,5,,,,,5
55,24899,상담원과의 통화대기시간이 너무길다,불만>고객서비스>상담시스템,5,,,,,5
56,24900,상담원과의통화 대기시간이 너무길어요ㅜㅜㅜ,불만>고객서비스>상담시스템,5,,,,,5
57,24901,상담원과의통화대기시간이너무길다,불만>고객서비스>상담시스템,5,,,,,5
58,24903,통화연결시까지  시간이  너무길다.,불만>고객서비스>상담시스템,5,,,,,5
59,24915,상담원통화대기시간이 짧았으면  합니다,불만>고객서비스>상담시스템,5,,,,,5
60,24916,상담연결대기시간이너무길다,불만>고객서비스>상담시스템,5,,,,,5
61,24925,전화 연결대기 시간,불만>고객서비스>상담시스템,5,,,,,5
62,24927,전화  연결을    빠른 시간에 연결  해으면  함니다,불만>고객서비스>상담시스템,5,,,,,5
63,24930,상담원통화대기시간이오래기다림,불만>고객서비스>상담시스템,5,,,,,5
64,24932,대기시간이 너무길다 통화만,불만>고객서비스>상담시스템,5,,,,,5
65,24933,통화   대기시간이   너무길다,불만>고객서비스>상담시스템,5,,,,,5
66,24934,통화 대기 시간이 너무길어요...,불만>고객서비스>상담시스템,5,,,,,5
67,24935,통화 대기시간이 너무길다.,불만>고객서비스>상담시스템,5,,,,,5
68,24936,통화 대기시간이 짧았으면좋겠슴다!!,불만>고객서비스>상담시스템,5,,,,,5
69,24937,통화가너무힘들어요. 대기시간,불만>고객서비스>상담시스템,5,,,,,5
70,24938,통화대기 시간 지체,불만>고객서비스>상담시스템,5,,,,,5
71,24939,통화대기 시간을 줄였으면...,불만>고객서비스>상담시스템,5,,,,,5
72,24940,통화대기시간 짤게해주세요,불만>고객서비스>상담시스템,5,,,,,5
73,24941,통화대기시간이 너무길어요,불만>고객서비스>상담시스템,5,,,,,5
74,24942,통화대기시간이 너무오래걸림.,불만>고객서비스>상담시스템,5,,,,,5
75,24943,통화대기시간이 넘길다,불만>고객서비스>상담시스템,5,,,,,5
76,24944,통화대기시간이 매우길다,불만>고객서비스>상담시스템,5,,,,,5
77,24945,통화대기시간이너무길다,불만>고객서비스>상담시스템,5,,,,,5
78,24946,통화대기시간이너무길어요,불만>고객서비스>상담시스템,5,,,,,5
79,24947,통화대기시간이너무길어요~,불만>고객서비스>상담시스템,5,,,,,5
80,24948,통화대기시간이너무길었다,불만>고객서비스>상담시스템,5,,,,,5
81,24949,통화대기 연결이 빨리되었으면,불만>고객서비스>상담시스템,5,,,,,5
82,24955,기다리는 시간 없이 상담원과 연결되었으면 합니다,불만>고객서비스>상담시스템,5,,,,,5
83,24956,대기할때  연결  시간  ㅠ,불만>고객서비스>상담시스템,5,,,,,5
84,24957,안내원연결까지대기시간이너무길어요,불만>고객서비스>상담시스템,5,,,,,5
85,24958,연결대기시간이 너무길음,불만>고객서비스>상담시스템,5,,,,,5
86,24959,연결하는 대기시간 너무길다.,불만>고객서비스>상담시스템,5,,,,,5
87,24960,상담원과의통화대기시간이좀길었다,불만>고객서비스>상담시스템,5,,,,,5
88,24962,상담사와 통화 대기시간이 너무길다,불만>고객서비스>상담시스템,5,,,,,5
89,24963,상담사와 통화대기시간이너무길어요,불만>고객서비스>상담시스템,5,,,,,5
90,24964,상담원 연결 대기 시간이 너무 길고 연결이 어렵습니다!!!,불만>고객서비스>상담시스템,5,,,,,5
91,24967,상담원과의 연결시간이너무길고  통화 하기가너무힘들어요,불만>고객서비스>상담시스템,5,,,,,5
92,24971,대기시간 짧게 통화했음 합니다,불만>고객서비스>상담시스템,5,,,,,5
93,24972,빠른시간내에 상담원 연결을  했으면좋겠습니다,불만>고객서비스>상담시스템,5,,,,,5
94,24973,통화연결시간이길다,불만>고객서비스>상담시스템,5,,,,,5
95,24977,대기시간이길다.상담사와통화가힘들다,불만>고객서비스>상담시스템,5,,,,,5
96,24988,통화대기시간이조금많음.,불만>고객서비스>상담시스템,5,,,,,5
97,24989,다른 카드사의경우 삼성카드사 보다  통화대기시간이 짧다.,칭찬>기타,24,불만>고객서비스>상담시스템,5.0,,,5
98,24997,전화좀 빨리 연결됐음좋겟어요 기다리는 시간 넘많아요,불만>고객서비스>상담시스템,5,,,,,5
99,24998,상담원과의 연결시간이   길었습니다.,불만>고객서비스>상담시스템,5,,,,,5
100,24999,상담원과 연결까지 시간이 많이걸린다,불만>고객서비스>상담시스템,5,,,,,5
101,25000,상담원과의 연결시간이 너무길다,불만>고객서비스>상담시스템,5,,,,,5
102,25001,상담원연결까지시간이너무걸린다,불만>고객서비스>상담시스템,5,,,,,5
103,25002,상담원연결시간이너무길고.,불만>고객서비스>상담시스템,5,,,,,5
104,25003,상담원연결시까지  시간이너무걸림,불만>고객서비스>상담시스템,5,,,,,5
105,25006,전화연결시  대기시간이길다,불만>고객서비스>상담시스템,5,,,,,5
106,25009,타카드사도 마찬가지지만 상담원과의 통화  하기전 기다리는 시간이 너무길어요,불만>고객서비스>상담시스템,5,,,,,5
107,25012,통화대기시간 이 너무길다,불만>고객서비스>상담시스템,5,,,,,5
108,25013,통화대기시간이길다,불만>고객서비스>상담시스템,5,,,,,5
109,25014,통화대기시간이넘길다,불만>고객서비스>상담시스템,5,,,,,5
110,25015,신한카드는 상담사 연결시간은 짧아서 좋았습니다 반면 삼성카드는 넘기네요,칭찬>기타,24,불만>고객서비스>상담시스템,5.0,,,5
111,25020,상담원  전화 통화 대기 시간이 짧았으면함,불만>고객서비스>상담시스템,5,,,,,5
112,25021,상담원과의 통화하려면 너무오래기다려야하는데 좀빨리연결됬으면좋겠어요,불만>고객서비스>상담시스템,5,,,,,5
113,25035,상담사와의   통화 대기시간의지연,불만>고객서비스>상담시스템,5,,,,,5
114,25040,상담원의통화를원할때너무시간이많이걸려요,불만>고객서비스>상담시스템,5,,,,,5
115,25046,상담사와 빠른시간에통화 되었으면합니다,불만>고객서비스>상담시스템,5,,,,,5
116,25051,통화대기 빨라스면 좋아요,불만>고객서비스>상담시스템,5,,,,,5
117,25053,상담원통화연결이빨리되어어면합니다.,불만>고객서비스>상담시스템,5,,,,,5
118,25055,통화가 빨리 연결되기를,불만>고객서비스>상담시스템,5,,,,,5
119,25056,어떤때엔상담사와통화하기까지대기시간이길었어요,불만>고객서비스>상담시스템,5,,,,,5
120,25059,상담사 연결까지 시간이 많이걸리네요,불만>고객서비스>상담시스템,5,,,,,5
121,25060,상담사까지연결되는시간이너무깁니다,불만>고객서비스>상담시스템,5,,,,,5
122,25063,전화연결이 어려울때가 가끔있어요그래도 타사카드보다는 연결이 잘돼요,불만>고객서비스>상담시스템,5,칭찬>삼성카드,23.0,,,5
123,25064,상담원통화가 빠르게 연결이되었으면좋겠습니다,불만>고객서비스>상담시스템,5,,,,,5
124,25066,연결되김까지가시간이너무길댜,불만>고객서비스>상담시스템,5,,,,,5
125,25067,연결시간 과다.,불만>고객서비스>상담시스템,5,,,,,5
1251,1371,친절하면좋겠음,불만>고객서비스>상담원,4,,,,,4
1252,1382,더욱친절합시다,불만>고객서비스>상담원,4,,,,,4
1253,1386,좀더친절했으면좋겠음,불만>고객서비스>상담원,4,,,,,4
1254,1387,친절하지않다,불만>고객서비스>상담원,4,,,,,4
1255,1388,그닥...친절 하지않음,불만>고객서비스>상담원,4,,,,,4
1256,1389,좀더친절하여쓰면,불만>고객서비스>상담원,4,,,,,4
1257,1390,친절하지안음,불만>고객서비스>상담원,4,,,,,4
1258,1391,조금더친절했음좋겠네요,불만>고객서비스>상담원,4,,,,,4
1259,1393,좀더친절했음좋겠다,불만>고객서비스>상담원,4,,,,,4
1260,1394,좀더친절했음좋겠음,불만>고객서비스>상담원,4,,,,,4
1261,1523,더친절했으면좋겠습니다,불만>고객서비스>상담원,4,,,,,4
1262,1588,친절하고 기다리지않게하여주기바람니다,불만>고객서비스>상담원,4,불만>고객서비스>상담시스템,5.0,,,4
1263,1793,더욱친절하셨으면 좋켔습니다,불만>고객서비스>상담원,4,,,,,4
1264,4986,친절도 매유부족,불만>고객서비스>상담원,4,,,,,4
1265,5945,고객의  상담  필요시에  정확하고  친절한 상담  답변  부탁드립니다,불만>고객서비스>상담원,4,,,,,4
1266,6429,지금껏 상담받은 직원중 최저네요.,불만>고객서비스>상담원,4,,,,,4
1267,6490,친절한 상담 부탁드립니다.,불만>고객서비스>상담원,4,,,,,4
1268,6491,친절하게 상담 부탁드립니다.,불만>고객서비스>상담원,4,,,,,4
1269,6805,그저 상담은 복사 붙여넣기 시발놈들,불만>고객서비스>상담원,4,불만>기타,42.0,,,4
1270,7800,더 친절한 응대 원합니다,불만>고객서비스>상담원,4,,,,,4
1271,7987,전화시신속하고빠르게연결되었으면좋겠습니다.또상담원이좀더친절했으면합니다,불만>고객서비스>상담시스템,5,불만>고객서비스>상담원,4.0,,,4
1272,8212,응대가 정확하지않타 항상 몇번재차물어야힌ㅁ,불만>고객서비스>상담원,4,,,,,4
1273,8484,없음 좀더친절했으면좋겠음,불만>고객서비스>상담원,4,,,,,4
1274,8506,고객이 잘 못들어 닷 질문하더라도  친절했으면합니다,불만>고객서비스>상담원,4,,,,,4
1275,9195,친절한 설명 부탁드립니다,불만>고객서비스>상담원,4,,,,,4
1276,9236,친절하게 신속하게 처리가 됐으면 좋겠어요,불만>고객서비스>상담원,4,,,,,4
1277,9318,방금 상담받은직원분 친절하지않았습니다좀 짜증이 느껴졌어요 ㅡㅡ,불만>고객서비스>상담원,4,,,,,4
1278,10221,고객응대를신속하게하라,불만>고객서비스>상담원,4,,,,,4
1279,10407,정확한 안내와 신속한 처리 부족합니다직원들 역량강화로 전문적이고 책임지는 상담을 부탁합니다,불만>고객서비스>상담원,4,,,,,4
1280,10507,상담이 매우 불편했습니다,불만>고객서비스>상담원,4,,,,,4
1281,10656,고객도 존댓말하는데 상담원이 반말투어로 상담함 굉장히 기분나쁨 뭔생각으로 저러는지 알수없음,불만>고객서비스>상담원,4,,,,,4
1282,10916,친절하게부탁합니다,불만>고객서비스>상담원,4,,,,,4
1283,11494,고객의 입장에서 친절하게 설명 바람니다,불만>고객서비스>상담원,4,,,,,4
1284,11674,다른 카드사 상담 직원은 매우  친절한데 오늘  상담 직원은 최악의 상담사,칭찬>기타,24,불만>고객서비스>상담원,4.0,,,4
1285,11784,말투가 상투적이고 투박하신데 친절하게 응대해주시면 좋겠습니다.,불만>고객서비스>상담원,4,,,,,4
1286,11859,상담원 설명 천천히 정확하게 설명해주길 부탁합니다  감사합니다,불만>고객서비스>상담원,4,,,,,4
1287,11912,가끔친절하지안거나 빨리끈으려하거나할때,불만>고객서비스>상담원,4,,,,,4
1288,11919,친절하다는 느낌은 받지못했음,불만>고객서비스>상담원,4,,,,,4
1289,11930,정확하게설명이필요하고 상담원연결이잘안된다,불만>고객서비스>상담원,4,불만>고객서비스>상담시스템,5.0,,,4
1290,11967,상담원분이 친절하셨으면 좋겠네요,불만>고객서비스>상담원,4,,,,,4
1291,12160,목소리에 친절함이 없다,불만>고객서비스>상담원,4,,,,,4
1292,12276,상담원이 스크립트  읽으며 고객응대하는 것이 부자연 스럽고 친절하다는 느낌이 없음.,불만>고객서비스>상담원,4,,,,,4
1293,12332,상담직원통화가 없는것처럼 되잇어서 답답하고말이 너무 느림,불만>고객서비스>상담시스템,5,불만>고객서비스>상담원,4.0,,,4
1294,12425,상담에 의한 정확한 답변이 아니었습니다.공부 많이 하시고 상담받으십시요.,불만>고객서비스>상담원,4,,,,,4
1295,12597,고객중심의 상담이되었으면합니다,불만>고객서비스>상담원,4,,,,,4
1296,12731,상담원도 공부를해야할듯합니다,불만>고객서비스>상담원,4,,,,,4
1297,12890,신속.정확해주세요,불만>고객서비스>상담원,4,,,,,4
1298,13094,상담시간이 길고 직원들 교육 필요함,불만>고객서비스>상담원,4,,,,,4
1299,13131,너무말을 질질끌면서말하고 친절함보다 답답하다,불만>고객서비스>상담원,4,,,,,4
1300,13138,이해하기쉽게설명해주시면감사하겠읍니다,불만>고객서비스>상담원,4,,,,,4
1301,13227,삼성카드 상담받기전에 LGU+ 상담했었는데 밝고 내가 궁금한것들을 친절하게 알려주셔서 상담한 내가 다 기분이 좋았음 오늘 삼성 상담은 그냥그랬음,칭찬>기타,24,불만>고객서비스>상담원,4.0,,,4
1302,13316,상담직원이 너무 불친절하여 기분이나빴습니다,불만>고객서비스>상담원,4,,,,,4
1303,13400,문의내용신속정확처리안내상담원안내미흡에대한교육,불만>고객서비스>상담원,4,,,,,4
1304,13610,상담원이 내용을 모르고 답변,불만>고객서비스>상담원,4,,,,,4
1305,13611,짜증없이 친절한 응대 부탁,불만>고객서비스>상담원,4,,,,,4
1306,13620,친절하고 적극적 대응. 성의없게 영혼없이 대답 No,불만>고객서비스>상담원,4,,,,,4
1307,13688,자세한 설명과 시간좀 길게 대화하면서 설명을해주셨으면 감사합니다,불만>고객서비스>상담원,4,,,,,4
1308,13725,상담시에 고객의 의문사항을 충분히 들어 주었으면함. 상담사 말소리가 너무 빨라서 불편함.,불만>고객서비스>상담원,4,불만>고객서비스>상담원,4.0,,,4
1309,13876,듣고있는데그것도모르냐는식의답변이돌아올때내가알면상담직원하지?상담받고있을까요?ㅠㅠ,불만>고객서비스>상담원,4,,,,,4
1310,13885,일똑바로 처리하세요,불만>고객서비스>상담원,4,,,,,4
1311,14064,상담원이 고객이말하는걸 이해를못하고 두번씩 새롭게말을해야  알아들음,불만>고객서비스>상담원,4,,,,,4
1312,14121,고객이 정확하게 모르고 있는부분을 직원도 정확하게몰라서  상담이 도움이 되지 않았다,불만>고객서비스>상담원,4,,,,,4
1313,14221,친절하다는 느낌을 받기 힘들정도의 말투라서 상담후 별로 기분이 좋지않음,불만>고객서비스>상담원,4,,,,,4
1314,14249,좀더친절하고자세하게  응대하길바란다,불만>고객서비스>상담원,4,불만>고객서비스>상담원,4.0,,,4
1315,14259,잘햇은데 친절이좀부족합니다,불만>고객서비스>상담원,4,,,,,4
1316,14344,다른 상담사에 비해 친절함 부족,불만>고객서비스>상담원,4,,,,,4
1317,14392,상냥하고 친절했으면 좋겠습니다.,불만>고객서비스>상담원,4,,,,,4
1318,14441,더자세히설명ㅎㅐ주면감사하겠슴,불만>고객서비스>상담원,4,,,,,4
1319,14484,친절하지 못하다.말투가 딱딱해서 쉽게 물어보기 힘들다,불만>고객서비스>상담원,4,,,,,4
1320,14487,"상담원이 내용을 잘이해하지못함,정확한 답변 못함.발음 부정확 못알아 듣겠음",불만>고객서비스>상담원,4,,,,,4
1321,14581,상담원 입장으로만상담하지 마시길,불만>고객서비스>상담원,4,,,,,4
1322,14646,상담하시는 분들이 별로 친절하지가 않네요.좀 더 친절하게 응대바랍니다.,불만>고객서비스>상담원,4,,,,,4
1323,14756,상담원이 영혼있는ㅈ답변을 원합니다 진정성 없는 답변은 기분이 나빴요,불만>고객서비스>상담원,4,,,,,4
1324,14764,고객의입장에서 상담을 해주었으면좋겠다,불만>고객서비스>상담원,4,,,,,4
1325,14809,상담원 응대 아주 불친절,불만>고객서비스>상담원,4,,,,,4
1326,14850,상담직원 불친절 말투꽝,불만>고객서비스>상담원,4,,,,,4
1327,14858,카드만들기가힘들엇다  친절이조금고푸다,불만>삼성카드>카드상품,29,불만>고객서비스>상담원,4.0,,,4
1328,14867,자세히 안내하고 이렇게 시간끌지는 않습니다대답도 애매모호하지않고 정확하게 응대합니다,불만>고객서비스>상담원,4,,,,,4
1329,15002,상담사가 불친절한느낌을 받았네요 상담이 귀찮다는듯으로 받아들여져서 기분이 좋지만은 않네요,불만>고객서비스>상담원,4,,,,,4
1330,15193,쉽게 설명해주셨음합니다.,불만>고객서비스>상담원,4,,,,,4
1331,15209,직원이 퉁명스러움,불만>고객서비스>상담원,4,,,,,4
1332,15283,5번항 답변내용없음,불만>고객서비스>상담원,4,,,,,4
1333,15404,신속정확이  필요합니다,불만>고객서비스>상담원,4,,,,,4
1334,15438,친절하고 배려해주는 느낌이였는데 방금 상담사 분운 아니네요,불만>고객서비스>상담원,4,,,,,4
1335,15522,상담직원 교육필요,불만>고객서비스>상담원,4,,,,,4
1336,15575,고객에  입장에서 톤이나 상담을 해주셔야한다고 생각됩니다.,불만>고객서비스>상담원,4,,,,,4
1337,15675,상담원이 전문직식이 없는것같아서 교육을 받고상담에 임하길바란다,불만>고객서비스>상담원,4,,,,,4
1338,15679,너무 로봇같이 딱딱하며 기분이 안좋았음,불만>고객서비스>상담원,4,,,,,4
1339,15781,삼성카드사 고객응대가 매우 불친절함,불만>고객서비스>상담원,4,,,,,4
1340,15797,성의없는 답변,불만>고객서비스>상담원,4,,,,,4
1341,15798,물어보면 답변을 못해,불만>고객서비스>상담원,4,,,,,4
1342,15840,오늘은 상담이 좀 답답한 응대였습니다.,불만>고객서비스>상담원,4,,,,,4
1343,15877,말씀이 너무 빠르고 고객이 궁금해서 질문하는도중 너무 말을 자르는 경향이 있습니다. 불편했어요..,불만>고객서비스>상담원,4,불만>고객서비스>상담원,4.0,,,4
1344,15899,상담 질문에 대한 내용도 모르고 상담에 응함,불만>고객서비스>상담원,4,,,,,4
1345,15940,더욱 친절하게 대해주세요,불만>고객서비스>상담원,4,,,,,4
1346,15950,상담.ㅡ내용.빨.라처리되엇음.합니다,불만>고객서비스>상담원,4,,,,,4
1347,16016,조금만 빨리 처리했으면 좋겠다조금 친절,불만>고객서비스>상담원,4,,,,,4
1348,16039,코로나 19때문에 힘들어하는데조금 정확한 설명 필요함,불만>고객서비스>상담원,4,,,,,4
1349,16059,더욱더 발전한 신속한 상담처리 기대합니다 3,불만>고객서비스>상담원,4,,,,,4
1350,16075,오늘상담직원은고객이궁금한사항을바로이해하지못하고 같은말을반복하게말하ㅁ친절하는것처럼보이나 동문서답인것가타,불만>고객서비스>상담원,4,,,,,4
1351,16119,지금껏 상담사들중 말투가 제일기분나빴음!!!,불만>고객서비스>상담원,4,,,,,4
1352,16145,답변할때 확실하게 알고 답변해줬으면 좋겠어요전에 다른 상담사와 상담할때 좀 그랬거든요,불만>고객서비스>상담원,4,,,,,4
1353,16167,직원들에게 기초적인 발성볍교육을 시켜 표준어를 정확하게 발음하는 훈련을 시켰으면 합니다.,불만>고객서비스>상담원,4,,,,,4
1354,16170,두번이나 같은 내용으로 상담을 했지만(각각다른상담원) 제대로 처리가 되지않음.,불만>고객서비스>상담원,4,,,,,4
1355,16178,"직원이 귀찮은듯 내용을 회피하고, 해결방법을상담원이 아닌 판매점 사원과 상담해서 해결하라고 하니 참말로 답답하다.",불만>고객서비스>상담원,4,불만>고객서비스>상담원,4.0,,,4
1356,16241,상담원이오늘기분이안좋으신가굉장히 불친절하시더라고요.,불만>고객서비스>상담원,4,,,,,4
1357,16258,고객입장에서  잘듣고 요점만 정확하게 답변했으면 좋겠습니다.,불만>고객서비스>상담원,4,불만>고객서비스>상담원,4.0,,,4
1358,16266,불 친절하면 기분도 안좋아해요,불만>고객서비스>상담원,4,,,,,4
1359,16308,투박하고 귀찬은듯한 말투로 정말 상담하기 싫음,불만>고객서비스>상담원,4,,,,,4
1360,16391,늘 친절할필요 없는데..벽이랑 대화하는 느낌이네요이름말할때만 친절하십니다.박 상담사님..,불만>고객서비스>상담원,4,,,,,4
1361,16435,언행을 좀 친절하게 대응했으면 좋겠습니다.,불만>고객서비스>상담원,4,,,,,4
1362,16504,고객의 질문에 알기쉽고 정확하게 설명해 주셨으면 감사하겠습니다.,불만>고객서비스>상담원,4,,,,,4
1363,16528,정확한 설명이 안 돼어서 불편했다ᆢ상담원이 잘모르른것  같다.다시 다른 상담원과 통화후 문제 해결을 도움 받았다.,불만>고객서비스>상담원,4,,,,,4
1364,16534,OOO상담원 본인의 선입견으로 고객응대를하여 큰불편을 줌,불만>고객서비스>상담원,4,,,,,4
1365,16535,상담원이 가장웃음목소리를 내면서 상담받을때 화가났습니다,불만>고객서비스>상담원,4,,,,,4
1366,16538,4번5번 내용은 나한텐 맞지않고 상담사 연결이 어려워 힘듭니다 사람이 많아서 그렇겠지요 그래도 항상 친절한 상담에 감사드립니다,불만>고객서비스>상담원,4,불만>고객서비스>상담시스템,5.0,,,4
1367,16613,좀더 친절한 상담이 되길,불만>고객서비스>상담원,4,,,,,4
1368,16840,고객이 필요한  상담을 빠르고 정확한 처리  를 해주싱 감사하겠습니다,불만>고객서비스>상담원,4,,,,,4
1369,16842,친철하게 응다 말투등등 듣는사람이 불편함,불만>고객서비스>상담원,4,,,,,4
1370,16941,상담직원이 질문의 이해도가 부족함,불만>고객서비스>상담원,4,,,,,4
1371,16998,5번질문 난해함  답할내용이없음,불만>고객서비스>상담원,4,,,,,4
1372,17017,상담하실때 목소리 예쁘게 내려고하기보단 발음을 정확하게 해주시는게 좋을것 같아요.친절하게 해주시는것도 너무 좋지만마스크 착용하시고 그런것 때문이 발음좀 정확하게 해주시면 통화하기가 더 좋을것같습니다.,불만>고객서비스>상담원,4,,,,,4
1373,17053,고객이필요한것을정확하게알아듣기쉽게설명부탁드립니다,불만>고객서비스>상담원,4,,,,,4
1374,17065,"잘 모르니까 상담 통화를 한건데, 짜증내는 말투, 답답하다는 말투로 상담을 받으니 기분이 나빴습니다.",불만>고객서비스>상담원,4,,,,,4
1375,17070,문의내용에 대해 자세히 설명해주세요 ^^,불만>고객서비스>상담원,4,,,,,4
1376,17087,영혼있는 상냥함을 원합니다,불만>고객서비스>상담원,4,,,,,4
1377,17114,고객말은 안듣고 상담사말만함예를들면 질문을 하고 답변을 받은 후 확인차 다시 되물으면 다시 설명함.고객이 확인차 되물었을때 답과 상담사가 다시설명한 답은 똑같음 결론은 고객이 잘이해한게 맞는데 상담사는 틀렸단 식으로 다시 설명함,불만>고객서비스>상담원,4,,,,,4
1378,17148,친절하다고 못느낌,불만>고객서비스>상담원,4,,,,,4
1379,17157,안내사항 설명하는방법을 개선했으면 함,불만>고객서비스>상담원,4,,,,,4
1380,17182,자세한 설명이 매우 부족하다,불만>고객서비스>상담원,4,,,,,4
1381,17198,4번5번문항 답변 불편한게없었는데 체크하라고 강요합니다.상담원분들 더우신데 고생하십니다 좋은하루되세요,불만>고객서비스>상담원,4,칭찬>기타,24.0,,,4
1382,17216,문의한 내용에대한 정확한 답변 처리가 더 필요해보입니다고객의 말에 집중해서 상담해주셨으면 해요,불만>고객서비스>상담원,4,,,,,4
1383,17235,고객응대시 고객이 원하는 바를 정확히 파악하여 빠른 처리 응대해주시면 더욱 좋겠습니다.,불만>고객서비스>상담원,4,,,,,4
1384,17262,다른 궁금한 분분까지 있는지 체크해 주시는 친절함이 없음,불만>고객서비스>상담원,4,,,,,4
1385,17276,형식적인 답변 대신 실질적인 빠른 업무처리를 기대합니다.,불만>고객서비스>상담원,4,불만>고객서비스>상담원,4.0,,,4
1386,17291,상담내용에 맞게 적절한 대답이 해야한다고 생각함,불만>고객서비스>상담원,4,,,,,4
1387,17375,홈쇼핑..심지어 지마켓  정도도 상담사가 목소리가 상냥하고 친절해서  상담하고나면 기분이 좋습니다..그러나 삼성카드 상담사는 상담하고나서  불쾌하고 기분이 매우 나빴습니다..,칭찬>기타,24,불만>고객서비스>상담원,4.0,,,4
1388,17457,말투가 퉁명스럽고 친절한말투가 아니라 기분 상ㅅ남,불만>고객서비스>상담원,4,,,,,4
1389,17466,조금만 친절히 답해주시면 감사하겠습니다,불만>고객서비스>상담원,4,,,,,4
1390,17553,고객의 말을 정확하게 인지하고정확한 대답 해 주기를 바랍니다고객이 상담원의 말을 이해 못하는 것은상담원의 응대가 미흡해서 입니다고객의 문의내용이 한 가지 이상일 수 있으니문의 사항을 끝까지 듣고 대답 해 주세요,불만>고객서비스>상담원,4,,,,,4
1391,17594,상당원 친절도 형식적인말투가싫습니다,불만>고객서비스>상담원,4,,,,,4
1392,17624,상담원이 설명권한을 더 높여주새요 그래야 정확히 대답하지요,불만>고객서비스>상담원,4,,,,,4
1393,17689,너무 사무적으로  응대,불만>고객서비스>상담원,4,,,,,4
1394,17698,상담할때도 친절하지않다는 느낌이었는데 상담후 수고하세요 라고 인사하는데 상담사가 먼저 전화를 뚝 끊어버리시더라고요 삼성카드뿐아니라 다른곳에서 상담했을때도 이런 경우가 없었는데 참 당황스러웠습니다,불만>고객서비스>상담원,4,,,,,4
1395,17703,좀 더 친절한 말투로 얘기해주세요,불만>고객서비스>상담원,4,,,,,4
1396,17765,고객이 모르는 것에 대해서 물어보면 친절하게 응대해주세요. 말투가 무시한다는 느낌을 받았습니다. 그리고 상담사 억양이 사투리인거 같은데 통화내내 거슬려고요.,불만>고객서비스>상담원,4,,,,,4
1397,17813,타카드사는  상담원들이  기계적인것이아닌  친절하게응대함 삼성카드는  말도빠르고  너무 기계제인 응대만함고객의  요청사항을 잘 인지하지못하는지 응대가  고객과호응하는  감정이부족함,칭찬>기타,24,불만>고객서비스>상담원,4.0,불만>고객서비스>상담원,4.0,4
1398,17843,끝가지 고객 입장에서 상실하게 답변을 해주시길 바람니다.,불만>고객서비스>상담원,4,,,,,4
1399,17850,고객의 입장에서 모든가능성을 열어놓고 최선의방법을찾아주는 적극적인 상담이됬으면좋겠다.,불만>고객서비스>상담원,4,,,,,4
1400,17852,고객의질문을잘이해했으면좋겠다,불만>고객서비스>상담원,4,,,,,4
1401,17883,신속 정확한 답변을 원함 질문 내용 정확하게 파악하기,불만>고객서비스>상담원,4,,,,,4
1402,17905,상담직원 약간 불칠전 직원같아요,불만>고객서비스>상담원,4,,,,,4
1403,17916,좀 더 고객의 입장에서응대해주시길,불만>고객서비스>상담원,4,,,,,4
1404,17959,상담원 톤이 좋지 아니하네요,불만>고객서비스>상담원,4,,,,,4
1405,17969,나이많은경노인들께좀큰목소리를하고알아먹기좋은말로친절하게대답해주어서면좋겠습니다,불만>고객서비스>상담원,4,불만>고객서비스>상담원,4.0,,,4
1406,17979,고객응대시 말투가 상담내내 거슬렸습니다직원교육(친절응대)이 절실하게 필요해 보입니다,불만>고객서비스>상담원,4,,,,,4
1407,17987,모르니까 물어보는건데 모른다고 혼내는 기분이 들으,불만>고객서비스>상담원,4,,,,,4
1408,17999,"형식적인 답변 말고, 상담자가 묻고자 하는 내용을 친절하게 잘 알려주십시요.",불만>고객서비스>상담원,4,,,,,4
1409,18007,힘들지만 조금 더 친절하게 설명을 해 주었으면 합니다.,불만>고객서비스>상담원,4,,,,,4
1410,18044,자세하게 설명해주기,불만>고객서비스>상담원,4,,,,,4
1411,18062,좀더 친절했으면,불만>고객서비스>상담원,4,,,,,4
1412,18063,4번 5번 질문 해당사항없는데요,불만>고객서비스>상담원,4,,,,,4
1413,18076,삼성카드 안내원이 제가 질문하는내용에 대해 잘모르시는거같습니다. 정확한답변 숙지 부탁드립니다.  질문자본인과  같이 질문내용 답안 알았지못하고 답변 아무렇게하는건 너무 성의가 없습니다.  가끔씩 기본기없는 상담원 전화응대는 답답함만 배가시킵니다. 모르면 다른상담원에게 질문넘겼으면 합니다.,불만>고객서비스>상담원,4,,,,,4
1414,18086,문의하는내용을 정확하게 인지하고 확실한 딥이 필요함,불만>고객서비스>상담원,4,,,,,4
1415,18091,좀더 친절하게 대해주셨으면 해요.형식적인 느낌이 강했어요.,불만>고객서비스>상담원,4,,,,,4
2901,14884,KT직원들과 상담했을때의 불쾌감을 잊을수가 없습니다.친철한 상담은 금세 잊혀지지만 따듯한 느낌은 오래가는것 같습니다.,불만>기타,42,,,,,42
2902,19684,오늘은 불만 투성이,불만>기타,42,,,,,42
2903,29195,보험상담 하면서 골절되면 500만원준다고 사기침.,불만>기타,42,,,,,42
2904,29460,불만,불만>기타,42,,,,,42
2905,29731,불만이 너무 많아요,불만>기타,42,,,,,42
2951,22751,삼성은 이나라의 축이다 최선을 다해주길...,불만>삼성카드,41,,,,,41
2952,22982,상담원의 기분에따라 회사마다 거의비슷  전에오랜기간이묭했다가 한동안쉬었는데....다시쓰게되어 기대를해본다 삼성에 불만이 없었는데 ....꼼수 안부리는 회사이길 바란다,불만>삼성카드,41,,,,,41
2953,24800,시스템 문제...직원 문제는 없음,불만>삼성카드,41,,,,,41
2954,29573,너무 회사 위주이고 고객은삼성봉이다,불만>삼성카드,41,,,,,41
2991,28677,제발 전화 좀 그만,불만>삼성카드>고객정보관리,37,,,,,37
2992,28678,다른제유보험회사전화불미스럽습니다,불만>삼성카드>고객정보관리,37,,,,,37
2993,28680,대출관련 마케팅 문자 권유 불쾌함,불만>삼성카드>고객정보관리,37,,,,,37
2994,28682,광고제발 놉,불만>삼성카드>고객정보관리,37,,,,,37
2995,28683,쓸데없이ㅡ전화하지ㅡ않았으면 좋겠습니다.,불만>삼성카드>고객정보관리,37,,,,,37
2996,28695,전화가너무많이걸 려옵니다,불만>삼성카드>고객정보관리,37,,,,,37
2997,28710,문자나  메일로  상품 광고 안내를 했으면.좋을듯...근무중 상품 광고를 전화를 받으면 화가 남.,불만>삼성카드>고객정보관리,37,,,,,37
2998,28712,제휴 보험회사 연락이 안왔으면 해요,불만>삼성카드>고객정보관리,37,,,,,37
2999,28713,마케팅 활용 전화시 미리 보험이면 보험이라고 얘기를 하고 통화 지속여부 확인하고 통화했으면 좋겠습니다,불만>삼성카드>고객정보관리,37,,,,,37
3000,28714,삼성카드는 그렇지 않겠지만 타 카드 회사는 보험회사와 연결되는 전화가 오는 경우가 많아서요.보험회사와의 연결은 없었으면 합니다.,불만>삼성카드>고객정보관리,37,,,,,37
3001,28715,연계된 제휴사 (보험)안내 없는카드사되주세요,불만>삼성카드>고객정보관리,37,,,,,37
3002,28719,보험 안내 해서 해지 했씀,불만>삼성카드>고객정보관리,37,,,,,37
3003,28720,좋았습니다. 다만 보험 전화 좀 그만하셨으면 좋겠습니다. 이미 가입한 보험이 있는데도 삼성카드로 연락 자주 오고 있습니다. 있다고 받았는데도 집요하게 연락와서 힘들었습니다.,불만>삼성카드>고객정보관리,37,,,,,37
3121,27775,카드 취소되면 베네포유 복지포인트 자동으로 복구시켜 주세요,불만>삼성카드>라이프서비스,35,,,,,35
3122,37326,복지포인트사용이 너무 어려워요,불만>삼성카드>라이프서비스,35,,,,,35
3141,55229,한마디로 짜증 제대로 다시는 삼성렌트 안씁니다  여기도담당아니다 저기도 담당 아니다 정말 어디도 연락이 안됨,불만>삼성카드>리스렌탈상품,34,,,,,34
3142,118,화면을보고하는게 익숙치않아서 음성으로하는게 더편합니다ᆞ,불만>삼성카드>상담/채널,33,,,,,33
3143,123,보이는 디지털AS는 넘 불편하게 되어있으며 원하는 화면이 보이지도 않습니다.첫화면에 보이는 ars와 음성ars를 바로 볼 수 있어야지요.ㅠㅠ,불만>삼성카드>상담/채널,33,,,,,33
3144,125,모바일 화면 터치로 상담할 때 화면 화면으로 연결이 부자연 스러워요,불만>삼성카드>상담/채널,33,,,,,33
3145,127,스마트폰으로 상담하기가 너무 어려워요.보이는 ARS & 음성 ARS 등...,불만>삼성카드>상담/채널,33,,,,,33
3146,131,스마트폰에 익숙하지 아니한 년령층의 간편하게 ARS 메인화면에 바로 상담직원 연결,불만>삼성카드>상담/채널,33,,,,,33
3147,133,화면터치로 인해 상담원 연결이 더 어려워졌음,불만>삼성카드>상담/채널,33,,,,,33
3148,135,보이는 ARS화면이 너무 불편하고 시간이 지체되어 답답하다,불만>삼성카드>상담/채널,33,,,,,33
3149,138,ARS이용시 화면터치방식이 너무힘듬,불만>삼성카드>상담/채널,33,,,,,33
3150,139,화면터치식에서음성ars로돌아가는버튼이잘찾아지지않음,불만>삼성카드>상담/채널,33,,,,,33
3151,142,연령대를 감안해서  화면터치보다는  ars가  좋아요,불만>삼성카드>상담/채널,33,,,,,33
3152,146,처음부터 화면ARS로 접근되는것이 아니라 음성과 보이는ars를 선택할 수 있게해주심 좋을 것 같습니다,불만>삼성카드>상담/채널,33,,,,,33
3153,149,1. 통화연결 후 자동음성으로 화면 터치 요구 시 폰의 화면이 삼성터치화면으로의 전환이 안되거나 수차례 시도 후 가능.2. 가족카드관련 문의였으나 삼성터치화면엔 메뉴가 엊ㅅ었음.,불만>삼성카드>상담/채널,33,,,,,33
3154,150,초기 스마트폰 화면에 보이는 메뉴구성이 이해가 어려워 상담 통화까지 어려워서 계속 잘못 터치하여 세번째 통화만에 상담원 연결이 되었습니다 보이는 ARS가 좋긴 하지만 화면메뉴 구성이 어렵게 되어 있는것 같습니다,불만>삼성카드>상담/채널,33,,,,,33
3155,151,상담원통화화면이  크게나왔으면좋겠음,불만>삼성카드>상담/채널,33,,,,,33
3156,152,전화이용시 메인화면에 디지털 화면 어렵습니다,불만>삼성카드>상담/채널,33,,,,,33
3157,156,화면터치식은 너무 복잡하다,불만>삼성카드>상담/채널,33,,,,,33
3158,157,처음부터 바로 화면 상단을 터치하라는 음성이 나오는데조금 불편하다,불만>삼성카드>상담/채널,33,,,,,33
3159,160,해지화면이 보이는 ars  등에도 있으면 좋을듯,불만>삼성카드>상담/채널,33,,,,,33
3160,161,"전화하면 바로 보이는ARS로 넘어가는데 참 불편해요 음성,보이는화면 둘중 번호로 선택할수있었으면 좋겠어요",불만>삼성카드>상담/채널,33,,,,,33
3161,162,화면을 보고  터치하는것도 편하지만 처음에 화면터치를 할것인지 음성메세지를 듣고 할것인지 구분할수 있게 해주셨으면 좋겠습니다,불만>삼성카드>상담/채널,33,,,,,33
3162,165,"ARS시 화면 보면서 터치 방법을 알려줄 때, 화면 터치방식이 아닌 누르는 방식을 원할 시, 멘트가 끝날 때까지의 기다리는 시간이 너무 길다고 느낀다.",불만>삼성카드>상담/채널,33,,,,,33
3163,166,나이가 많은 사람들은 ARS 음성으로 바로 통화하기가 쉬운데 화면보고 터치하는게 쉽질않습니다,불만>삼성카드>상담/채널,33,,,,,33
3164,169,보이는 화면이 아니라 누르는 화면으로 상담하고 싶고 그게 더 전화상담하기 까지 시간이 빠른데누르는 화면으로 서비스 받으려면 보이는 화면 터치해달라고 할때 15초이상 듣고만 있어야 누르는 화면으로 넘어가서 너무 불편,불만>삼성카드>상담/채널,33,,,,,33
3165,170,보이는화면을통해 화면을 누를때  다소 헷갈려요글씨가너무많고작아서 더 간결하면 좋을것같아요,불만>삼성카드>상담/채널,33,,,,,33
3166,171,터치화면 어려움,불만>삼성카드>상담/채널,33,,,,,33
3167,172,보이는 ars 사용에서 음성 ars와동일한 메뉴가 보이면좋겠습니다,불만>삼성카드>상담/채널,33,,,,,33
3168,173,화면터치  불편해요,불만>삼성카드>상담/채널,33,,,,,33
3169,175,안내없이 터치 화면  안내원 연결 하는데 어려웠슴,불만>삼성카드>상담/채널,33,,,,,33
3170,178,처음에   화면을  보면서  상담시    화면이   자꾸  움직이면서   무엇을선택해서   문의해야   하는데   혼란스러웠다   이것은   반드시  개선해야  한다,불만>삼성카드>상담/채널,33,,,,,33
3171,180,화면터치 싫어요선택할수있게해주세요.,불만>삼성카드>상담/채널,33,,,,,33
3172,181,음성통화  하기가  너무  불편해짐  화면보고  눌러야하고  누구를  위해서  이렇게  불편하게   만든것임?   화면볼거면   홈피보지   누가전화하겠음?,불만>삼성카드>상담/채널,33,,,,,33
3173,183,보이는 ars 무의미,불만>삼성카드>상담/채널,33,,,,,33
3174,184,ARS화면 보고 하는 서비스는 연결도 잘 안되고너무 별로임 개선필요,불만>삼성카드>상담/채널,33,,,,,33
3175,186,스마트폰 터치보다먼저 음성 ARS가 되면 좋겠습니다^^,불만>삼성카드>상담/채널,33,,,,,33
3176,187,스마트폰 상단터치해서 화면 나오는 방식 편하지 않습니다 불편해요,불만>삼성카드>상담/채널,33,,,,,33
3177,191,보이는ARS 서비스를원하지 않는데 자동으로 화면이 전환되어 불편합니다,불만>삼성카드>상담/채널,33,,,,,33
3178,192,문자로 화면 보고 하는 서비스 에러가 납니다.수고하십시요.,불만>삼성카드>상담/채널,33,,,,,33
3179,194,연결과동시에 화면터치로 이동되어 불편함음성으로 선택후 화면선택으로 이동하게 하여주셨음 삽니다!,불만>삼성카드>상담/채널,33,,,,,33
3180,195,보면서 하는 ars를 바로 권유하지않고 처음에 보이는 ars와 음성ars 중에서 선택하게 해주세요,불만>삼성카드>상담/채널,33,,,,,33
3181,196,처음 걸자마자 보이는 ars라고 터치하는거 data만 소비되고 별로네요,불만>삼성카드>상담/채널,33,,,,,33
3182,197,디지털 ARS화면에서 상담원과 직접통화 선택하기가 쉽지않음.,불만>삼성카드>상담/채널,33,,,,,33
3183,198,보이는대기화면에상담원연결표시가 파란색이지만 쉽게한눈에찾기가힘듬,불만>삼성카드>상담/채널,33,,,,,33
3184,199,Ars 연결시 바로 연결안되고 화면으로 나와 오래걸림화면또는 ars 선택 간단하게좀 바꼈으면..어르신들화면보기어려움,불만>삼성카드>상담/채널,33,,,,,33
3185,201,핸드폰 화면 터치내용이 넘 많음,불만>삼성카드>상담/채널,33,,,,,33
3186,202,보이는ARS말고 기존 ARS연결하는방식이먼저나왓으면좋겟내요,불만>삼성카드>상담/채널,33,,,,,33
3187,203,바로  보이는 ARS가 되었는데  나중에보니 화면 아래쪽에 상담원통화 버튼이 있더라구요안내 멘트에  상담원 통화버튼도 보이는 화면에도 있다고 알려주심 좋을거같네요처음엔 안보여서 전화를 여러번 했다 끊었다했고만요,불만>삼성카드>상담/채널,33,,,,,33
3188,204,화면터치가 자꾸실수되는문제,불만>삼성카드>상담/채널,33,,,,,33
3189,206,화면보기 서비스 안하게 해주세요 화면 보기 상담 서비스를 종요합니다 멘트 나올때까지 대기하는 것 불편해요,불만>삼성카드>상담/채널,33,,,,,33
3190,208,Ars 화면이용이 서툴러서 헤맺음,불만>삼성카드>상담/채널,33,,,,,33
3191,210,화면을 이용한 서비스에 바로 상담원 연결 화면이 있었으면 좋겠씀,불만>삼성카드>상담/채널,33,,,,,33
3192,211,보이는 에이알에스 멘트계속나오지않았으면해요나중엔 음성으로나왔지만처음에 선택권이 있으면 좋겠죠,불만>삼성카드>상담/채널,33,,,,,33
3193,212,화면으로 터치하는 ars는 불편함,불만>삼성카드>상담/채널,33,,,,,33
3194,213,맨처음 화면에스마트 폰을 보면서 누르기 하는게 생각보다 어렵네요,불만>삼성카드>상담/채널,33,,,,,33
3195,214,보이는 방법이 제대로안됨업,불만>삼성카드>상담/채널,33,,,,,33
3196,215,스마트으로 전화하니 보이는 화면으로 넘어가는데 상담원 통화메뉴를 찾지못해  불편하였음,불만>삼성카드>상담/채널,33,,,,,33
3197,218,보이는 화면이 매우 불편해서 3번째에 연결 제대로 됨.,불만>삼성카드>상담/채널,33,,,,,33
3198,219,화면 보면서 선택 불편,불만>삼성카드>상담/채널,33,,,,,33
3199,220,모바일 화면을 보고 상담요청할때 어느 항목에터치 해야할지몰라 사용하기 불편함,불만>삼성카드>상담/채널,33,,,,,33
3200,221,화면터치로 넘어가는게 너무 불편함,불만>삼성카드>상담/채널,33,,,,,33
3201,6839,보이는것보다상담이더편해요,불만>삼성카드>상담/채널,33,,,,,33
3202,6842,상담까지 번호눌로야되는게넘먾아요,불만>삼성카드>상담/채널,33,,,,,33
3203,11858,상담직원과의 통화가 너무 힘들고 복잡함.,불만>삼성카드>상담/채널,33,,,,,33
3204,12297,상담원과 상담전에 ARS 안내가 너무 길어서 불편합니다.,불만>삼성카드>상담/채널,33,,,,,33
3205,15255,상담직원 연결되기 전까지 너무 많은 안내멘트,불만>삼성카드>상담/채널,33,,,,,33
3206,19635,보앱으로 처리.하려먼 찾기가 너무 힘들다,불만>삼성카드>상담/채널,33,,,,,33
3207,19637,ARS 상담 직원 바로 가기=>해당 상담직원 연결 해주기 서비스가 있으면 좋겠네요.,불만>삼성카드>상담/채널,33,,,,,33
3208,19643,상담 메뉴가  복잡하다,불만>삼성카드>상담/채널,33,,,,,33
3209,20461,상담 직원과 연결하는 절차가 너무 복잡합니다.,불만>삼성카드>상담/채널,33,,,,,33
3210,20487,ARS 기계음은 짧게 바로 상담직원 연결로... 수고하세요..,불만>삼성카드>상담/채널,33,,,,,33
3211,20614,고객전화에서  디지털에 취약한  고객들이 상담원연결이  매우  불편하게 되어있슴,불만>삼성카드>상담/채널,33,,,,,33
3212,20689,보이는상담은 원하는 내용 찾기 힘든경우가 많은,불만>삼성카드>상담/채널,33,,,,,33
3213,20886,상담직원과 통화할 때까지 너무 복잡함.선택메뉴 좀 편했으면,불만>삼성카드>상담/채널,33,,,,,33
3214,21204,디지털상담 메뉴가 복잡해서 도움이 안되는것같음,불만>삼성카드>상담/채널,33,,,,,33
3215,21236,보는 ars 상담은  불편함.상담원  전화가  편함,불만>삼성카드>상담/채널,33,,,,,33
3216,21323,상담원 전화 안내가 가장 빠른데 계속 보이는 ars로 안내하는게 불편합니다,불만>삼성카드>상담/채널,33,,,,,33
3217,21590,상담전 ARS가 너무 복잡함,불만>삼성카드>상담/채널,33,,,,,33
3218,21603,상담직원없이터치하는것매우불편,불만>삼성카드>상담/채널,33,,,,,33
3219,21798,ARS 메뉴가 너무 많고 불필요한 안내멘트가 길게 나온다빠르게 일 처리해야되는 상황에선 여간 성가시다.형식적인 업무라 하지 말고 급히 처리 해야되는 고객 입장에서 생각하라,불만>삼성카드>상담/채널,33,,,,,33
3220,22087,"홈페이지 정신없이 만들지 말고, 광고질 그만하고직관적으로 만들어서 상담 없이도 문제가 해결되면상담통화량이 30 프로 줄어들 것으로 생각됨",불만>삼성카드>상담/채널,33,,,,,33
3221,22333,디지털ars설명이 다소 깁니더,불만>삼성카드>상담/채널,33,,,,,33
3222,22841,디지털상담 안내시간을 기다리기 싫다 바로 누루는 ars 서비스로 가고싶다,불만>삼성카드>상담/채널,33,,,,,33
3223,22897,음성으로 상담을 받고싶은데 카톡상담창으로 넘어가는 시스템 매우 불편함!!,불만>삼성카드>상담/채널,33,,,,,33
3224,23146,챗봇상담은 원하는 메뉴가 잘없습니다,불만>삼성카드>상담/채널,33,,,,,33
3225,23160,정확한홈페이지 안내가 부족함,불만>삼성카드>상담/채널,33,,,,,33
3226,23194,간단한 절차로카드앱을사용하면좋게읍니다,불만>삼성카드>상담/채널,33,,,,,33
3227,23316,5번질문에불만은없고ARS연결시보이는것이불편함,불만>삼성카드>상담/채널,33,,,,,33
3228,23321,39살인 제가 디지털카톡 연결되는상담이 사실 불편하고 이게뭐지? 이말이 먼저나오네요기존 방법으로 상담할수있게끔해주세요,불만>삼성카드>상담/채널,33,,,,,33
3229,23404,곧바로 상담직원으로 넘어가는 단축키가있었음 합니다,불만>삼성카드>상담/채널,33,,,,,33
3230,23407,ARS 연결이 너무 느려서 복잡하고해서 연세가 많으싴 어르신들은 이용못할거 같음친절한 상,불만>삼성카드>상담/채널,33,,,,,33
3231,23442,메인메뉴 넘어가기 전에 디지털ars안내가 가장 짜증남,불만>삼성카드>상담/채널,33,,,,,33
3232,23504,ars상담직원통화찾기가 어려움,불만>삼성카드>상담/채널,33,,,,,33
3233,23628,"바로 보는 상담, ars누루는 상담. 전화상담사을 바로 고르게 해주세요",불만>삼성카드>상담/채널,33,,,,,33
3234,23950,ARS  맨트  문의하는 대답을 잘알아듣지못해 여러번시도했다,불만>삼성카드>상담/채널,33,,,,,33
3235,23952,쳇봇 동문서답 답변 너무너무 짜증나요!!,불만>삼성카드>상담/채널,33,,,,,33
3236,23957,ARS로 업무처리가 너무 번거롭다,불만>삼성카드>상담/채널,33,,,,,33
3237,24039,디지털 ars 인터페이스가 상담원 연결로 이어지기 어려운 것같음.,불만>삼성카드>상담/채널,33,,,,,33
3238,24122,디지탈상담불편함 고전클래식이 나음,불만>삼성카드>상담/채널,33,,,,,33
3239,24433,ARS이용시  안내 하는 내용이 너무길어서 끝까지 듣는것이 힘들다. 상담원과의통화하고싶어서 하는전화인데  다른 안내 말이 너무많고 길어서 힘들어요,불만>삼성카드>상담/채널,33,,,,,33
3240,24465,디지털안내 제한,불만>삼성카드>상담/채널,33,,,,,33
3241,24695,디지탈 상담 없애라 너무 불편하다,불만>삼성카드>상담/채널,33,,,,,33
3242,25556,전화통화시 상담원과의 통화가 되기까지 거치는 단계가  없이 연결되었으면 합니다,불만>삼성카드>상담/채널,33,,,,,33
3243,25607,상담사연결은제일먼저  ㅇ번으로하세요.몐트로햇으면고맙겟읍니다.,불만>삼성카드>상담/채널,33,,,,,33
3244,25623,ars연결시 상담원 바로 연결하기가 불편합니다,불만>삼성카드>상담/채널,33,,,,,33
3245,25682,상담원 연결까지 누르는것도 많고 기다리는것도 많았네요,불만>삼성카드>상담/채널,33,,,,,33
3246,25706,상담원연결까지 안내가너무복잡합니다디지털서비스는불편하구요,불만>삼성카드>상담/채널,33,,,,,33
3247,25750,상담원 연결이 바로 될수 있도로하면참좋을거같아요.상담원과 통화연결되기까지 너무 복잡합니다^^,불만>삼성카드>상담/채널,33,,,,,33
3248,25763,디지컬연결이잘안됌,불만>삼성카드>상담/채널,33,,,,,33
3249,25771,연결이 번거롭다,불만>삼성카드>상담/채널,33,,,,,33
3250,25841,통화연결은 상담사랑 통화하고싶기때문에 전화를 한건데디지털ars 터치하라고 시간 끄는게 불편하다,불만>삼성카드>상담/채널,33,,,,,33
3251,25867,누르고 대기하지 않고 상담사연결이 바로 되어 통화로 문의하고 끝났으면 좋겠습니다.,불만>삼성카드>상담/채널,33,,,,,33
3252,25921,통화까지 거치는데가 많다,불만>삼성카드>상담/채널,33,,,,,33
3253,26061,그냥 바로 상담사로 연결되면 좋을것같아요 상담사연결하려고 20분동안헤멧어요,불만>삼성카드>상담/채널,33,,,,,33
3254,26124,최초연결시 ai ars 연결 권유없이 빨리 연결되면 좋겠어요,불만>삼성카드>상담/채널,33,,,,,33
3255,26162,상담원연결 창도 바로 연결될수잇게 해주세요. 디지털로 바로 되서 불편합니다,불만>삼성카드>상담/채널,33,,,,,33
3256,26235,Ars연결하면 디지털로 넘어가 상담원연결이어려웠다,불만>삼성카드>상담/채널,33,,,,,33
3257,26247,ARS  서비스  연결시  제대로  연결이안되어  불편합니다.바로바로  상담원과  통화할수있게  손쉽게연결이 되었으면 합니다,불만>삼성카드>상담/채널,33,,,,,33
3258,26250,"통화 대기시간이 아닌, 상담원과 통화하기 전의 진행과정이 너무 길다.",불만>삼성카드>상담/채널,33,,,,,33
3259,26253,전화연결시 다지털 ars 연결외에도 상담원 연결을 바로 할수 있었으면 좋겠습니다,불만>삼성카드>상담/채널,33,,,,,33
3260,26260,상담사와 연결하는 과정이 너무시간이 걸림니다,불만>삼성카드>상담/채널,33,,,,,33
3261,26265,바로 상담원으로 연결이 안되고 화면상으로 연결하는게  어렵다,불만>삼성카드>상담/채널,33,,,,,33
3262,26268,상담원과 연결하기가 복잡합니다 편리하게 상담원과 연결을 원합니다,불만>삼성카드>상담/채널,33,,,,,33
3263,26290,바로통화연결 기능이없어.불편함,불만>삼성카드>상담/채널,33,,,,,33
3264,26295,"디지털로 한번,다시 통화 연결이 아니라.예전처럼 바로 통화연결 되었으면 좋겠습니다.",불만>삼성카드>상담/채널,33,,,,,33
3265,26315,삼성카드 전화해서 디지털로 연결될때 상담원 연결이  없어 5분이상 헤매고 이것 저것 다눌러봐도 상담원 연결이 안되 답답하네요.,불만>삼성카드>상담/채널,33,,,,,33
3266,27879,나같이메일이나앱을못하는사람을위해비밀번호와생년월일을한번만입력해놓으면다음에는비밀번호만입력하면안될까하고충언드립니다,불만>삼성카드>상담/채널,33,,,,,33
3267,28111,통화 초반 카드한도에대한 애기가 너무길어요ㅜㅜ,불만>삼성카드>상담/채널,33,,,,,33
3268,28212,기본제공되는카드이용한도 안내를 중단해주세요,불만>삼성카드>상담/채널,33,,,,,33
3269,28224,앱에서.내카드결재나 사용한도를쉽게알수있게끔 만들어주세요,불만>삼성카드>상담/채널,33,,,,,33
3270,28323,카드론 대출 받은거 상환이 앱에선 안돼네요.,불만>삼성카드>상담/채널,33,,,,,33
3271,28326,대출상환도 앱에서 처리되도록 개선,불만>삼성카드>상담/채널,33,,,,,33
3272,28327,앱카드 어플이용이 어렵다,불만>삼성카드>상담/채널,33,,,,,33
3273,28328,삼성카드 앱 너무 복잡합니다.. 앱을 깔아도 실상 필요한 부분을 찾기가 어려워 전화하게 만드네요..,불만>삼성카드>상담/채널,33,,,,,33
3274,28329,카드이용내역1년 넘은부분을 앱에서도 확인할수있었음좋겠습니다,불만>삼성카드>상담/채널,33,,,,,33
3275,28330,장기 단기 대출 상환 을  앱에서 쉽게 할 수 있도록  보완  해주세요  대출은 쉬운데 상환은 어렵게  해놓으셨어요,불만>삼성카드>상담/채널,33,,,,,33
3276,28332,삼성카드 앱이 많이 느려서 불편합니다,불만>삼성카드>상담/채널,33,,,,,33
4492,38539,문자를 보낸 내용에 출생년도 끝자리를 요일별로 처리한다는 내용을 추가해 주시면 좋을것 같습니다그래서 본인은 오늘 전화로 신청을 했다가 해당요일이 아니라 신청을 못했습니다,불만>삼성카드>생활편의서비스,32,,,,,32
4493,46412,- 카드를 통한 통신료 전환 방법 및 call 이 아니더라도 internet 을 처리가 가능하도록 해 주세요.,불만>삼성카드>생활편의서비스,32,,,,,32
4494,48854,3명 자동이체건인데 LG텔레콤건은 바로 자동이체가 적부되었다고 삼성카드에서 문자왔는더 SK텔레콤은 자동이체 신청을 먼저했는데도 아직 문자가 안오네요.결제날짜는 넘었고요.SK연락하니 자동이체 신청은 되었다고 하는데ᆞᆢ.상담사 보다는 업무쪽 문제인거 같네요.,불만>삼성카드>생활편의서비스,32,,,,,32
4495,49369,관리비해택이없어 해지함,불만>삼성카드>생활편의서비스,32,,,,,32
4496,49509,아파트관리비납부자 번호있으면 카드납부가능했음 합니다,불만>삼성카드>생활편의서비스,32,,,,,32
4542,60782,한도조정 맘대로 하지마세요사용자동의를얻어서 해야지 저거들 맘대로 줄이고 지랄이야~~,불만>삼성카드>심사/한도,31,불만>기타,42.0,,,31
4543,11,연회비가 저렴햇으면  좋아요,불만>삼성카드>청구입금,30,,,,,30
4544,24,연회비를 저렴하게요,불만>삼성카드>청구입금,30,,,,,30
4545,32,삼성카드 연회비가 너무바쌉니다 !!ㄷ,불만>삼성카드>청구입금,30,,,,,30
4546,33,연회비없는카드가있음좋겠어요.^^,불만>삼성카드>청구입금,30,,,,,30
4547,36,연회비면제는안되나요,불만>삼성카드>청구입금,30,,,,,30
4548,37,연회비는 낯추고 사용을 많이하게하는 전략으로 하십시오,불만>삼성카드>청구입금,30,,,,,30
4549,40,연회비 면제카드로 알고 사용했는데 연회비를 슬쩍 청구하네요..  참나..,불만>삼성카드>청구입금,30,,,,,30
4550,42,연회비 부담,불만>삼성카드>청구입금,30,,,,,30
4551,43,연회비가 부담된다,불만>삼성카드>청구입금,30,,,,,30
4552,44,연회비가너무 부담되요,불만>삼성카드>청구입금,30,,,,,30
4553,45,연회비가부담스러워요,불만>삼성카드>청구입금,30,,,,,30
4554,46,연회비부담,불만>삼성카드>청구입금,30,,,,,30
4555,49,연회비를 저렴하게부탁드려요,불만>삼성카드>청구입금,30,,,,,30
4556,50,연회비가없는거는없나요,불만>삼성카드>청구입금,30,,,,,30
4557,51,연회비가 너무비싸다,불만>삼성카드>청구입금,30,,,,,30
4558,52,연회비가 비싸요,불만>삼성카드>청구입금,30,,,,,30
4559,54,연회비 넘비싸요,불만>삼성카드>청구입금,30,,,,,30
4560,55,연회비가 너무비쌈,불만>삼성카드>청구입금,30,,,,,30
4561,56,연회비가너무 비싸,불만>삼성카드>청구입금,30,,,,,30
4562,58,연회비 넘비싸다,불만>삼성카드>청구입금,30,,,,,30
4563,59,연회비 넘비싸다~,불만>삼성카드>청구입금,30,,,,,30
4564,60,연회비 비싸요,불만>삼성카드>청구입금,30,,,,,30
4565,61,연회비 업으면 좋겟어염,불만>삼성카드>청구입금,30,,,,,30
4566,62,"연회비,많다",불만>삼성카드>청구입금,30,,,,,30
4567,64,연회비가  너무비싸구요,불만>삼성카드>청구입금,30,,,,,30
4568,65,연회비가  비싸다,불만>삼성카드>청구입금,30,,,,,30
4569,66,연회비가 나에게는비싸다,불만>삼성카드>청구입금,30,,,,,30
4570,67,연회비가 너무많음,불만>삼성카드>청구입금,30,,,,,30
4571,68,연회비가 너무비싸다없음ㅇ,불만>삼성카드>청구입금,30,,,,,30
4572,69,연회비가 넘나 비싸요,불만>삼성카드>청구입금,30,,,,,30
4573,70,연회비가 비싸다,불만>삼성카드>청구입금,30,,,,,30
4574,71,연회비가 비쌉니다,불만>삼성카드>청구입금,30,,,,,30
4575,72,연회비가.너무비싸요,불만>삼성카드>청구입금,30,,,,,30
4576,73,연회비가너무비싸요,불만>삼성카드>청구입금,30,,,,,30
4577,74,연회비가비싸다,불만>삼성카드>청구입금,30,,,,,30
4893,18809,배송직원 매우  불친철 아주많이 !,불만>삼성카드>카드상품,29,,,,,29
4894,22391,카드배송 부분에서  배송처리업체  불성실한 대응과 배송직원의 약속불이행이  전반적으로  카드의 첫부분인데   그부분이  아쉽다,불만>삼성카드>카드상품,29,,,,,29
4913,51104,2004년 SM차를 구입하면서 삼성캐피탈에서 용자를 받았다. 삼성캐피탈의 전화를 알아보는데 어려움이 있었다. 르노캐피탈을 통해 삼성카드사로 합병되었다는 사실을 인지하는데 2시간이나 걸렸다.근저당설정 요건이 소멸되면 왜 본사에서는 해지를 하지 않을까? 이 업무를 소비자의 몫으로 남겨 놓는다는 것은 이해가 안된다. 핸드폰 전화 번호를 입력하라는데 16년 전 번호를 그대로 쓰는 사람이 얼마나 있을까?판매 시 서비스를 종료까지 해주길 바란다.,불만>삼성카드>할부금융상품,26,,,,,26
4919,3,이벤트기간외에도 5개월이상 무이자 할부혜택 자주 많았으면 합니다.,불만>삼성카드>혜택,25,,,,,25
4920,8,무이자할부 혜택 서비스를 제공해주시면감사합니다,불만>삼성카드>혜택,25,,,,,25
4921,10,무이자할부혜택이왜없나요?,불만>삼성카드>혜택,25,,,,,25
4922,25,"무이자사용혜택을기대합니다..,",불만>삼성카드>혜택,25,,,,,25
4923,26,무이자 할부 자주 줬으면 좋겠다,불만>삼성카드>혜택,25,,,,,25
4924,30,무이자할부를좀더 많이해주면감사하게습니다,불만>삼성카드>혜택,25,,,,,25
4925,31,무이자할부 많이됫음 감사하겠습니다,불만>삼성카드>혜택,25,,,,,25
4926,38,무이자할부기간을 더늘렸으면...,불만>삼성카드>혜택,25,,,,,25
4927,47,연회비 부담스러워요무이자 할부 되는 곳 너무 제한적이어요설사 삼성카드 무이자할부가 할부가 되는데도 직원이 인지가 안 되어 있는 경우가 많아요,불만>삼성카드>청구입금,30,불만>삼성카드>혜택,25.0,,,25
4928,48,무이자할부혜택을 좀 많이줳으면좋겧어요^^,불만>삼성카드>혜택,25,,,,,25
4929,81,무이자할부 이벤트 자주 요망,불만>삼성카드>혜택,25,,,,,25
4930,82,무이자할부혜택이 너무 부족하다고 생각합니다,불만>삼성카드>혜택,25,,,,,25
4931,83,무이자 혜택을 받는데가 많이없다,불만>삼성카드>혜택,25,,,,,25
4932,88,무이자에대한 혜택 서비스 많이제공 했으면좋겠습니다,불만>삼성카드>혜택,25,,,,,25
4933,93,무이자 할부 혜택이 더 많았으면 좋겟습니다,불만>삼성카드>혜택,25,,,,,25
4934,96,무이자할부혜택이있었으면합니다,불만>삼성카드>혜택,25,,,,,25
4935,27621,포인트를 좀많이주면좋겠음,불만>삼성카드>혜택,25,,,,,25
4936,27635,포인트  적립되는게 많았으면,불만>삼성카드>혜택,25,,,,,25
4937,27636,포인트 적립 많이되게해주세요,불만>삼성카드>혜택,25,,,,,25
4938,27637,포인트 적립이 더높아지면...,불만>삼성카드>혜택,25,,,,,25
4939,27642,카드 사용시 포인트 적립이 적다고 생각됨,불만>삼성카드>혜택,25,,,,,25
4940,27653,많은포인트혜택을주세요,불만>삼성카드>혜택,25,,,,,25
5139,121,보이는화면,중립,43,,,,,43
5140,122,화면으로보는 디지털 ARS,중립,43,,,,,43
5141,124,화면 상담 서비스,중립,43,,,,,43
5142,126,터치식 화면,중립,43,,,,,43
5143,134,화면을 구현하는 ars,중립,43,,,,,43
5144,144,화면연결,중립,43,,,,,43
5145,163,바로 보는 화면 서비스,중립,43,,,,,43
5209,108,문자로 바로바로 답변이오니 편리하고좋아요,칭찬>고객서비스>상담시스템,2,,,,,2
5210,117,화면으로 터치하니넘 편하고 대기시간 짧아 넘 좋습니다,칭찬>삼성카드>상담/채널,15,칭찬>고객서비스>상담시스템,2.0,,,2
5211,3992,상담 직원빨통화할수있어서감사합니다,칭찬>고객서비스>상담시스템,2,,,,,2
5212,14394,상담 연겔 바로되어서 마우 만족,칭찬>고객서비스>상담시스템,2,,,,,2
5213,18610,휴일상담 감사,칭찬>고객서비스>상담시스템,2,,,,,2
5214,20481,곧바로 상담사 염결,칭찬>고객서비스>상담시스템,2,,,,,2
5215,22847,오늘은  기분좋게 빨리 응답해주어서 감사합니다 보통때는 십분정도 걸려으요,칭찬>고객서비스>상담시스템,2,,,,,2
5216,24221,상담 대기 시간이 길지 않아 좋았습니다.,칭찬>고객서비스>상담시스템,2,,,,,2
5217,24335,응답속도가  신속하다는 것을 느끼곤  합니다 .,칭찬>고객서비스>상담시스템,2,,,,,2
5218,24774,오늘같이 상담원 연결이 원활히 되어 좋았습니다.,칭찬>고객서비스>상담시스템,2,,,,,2
5219,24829,연결이 빠르고 등급에 따라 주말에도 상담이 가능해서 만족,칭찬>고객서비스>상담시스템,2,칭찬>고객서비스>상담시스템,2.0,,,2
5220,24834,주말 상담원 연결 서비스 너무 좋습니다,칭찬>고객서비스>상담시스템,2,,,,,2
5221,24835,골드회원이라고 별거 아닌건 알지만 괜히 기분좋고 상담원 연결이 빠르게되서 좋습니다,칭찬>고객서비스>상담시스템,2,,,,,2
5222,24836,실시간 채팅 상담 좋아요,칭찬>고객서비스>상담시스템,2,,,,,2
5223,24837,골드회원이라  전화연결을  빨리해주니  감사합니다,칭찬>고객서비스>상담시스템,2,,,,,2
5224,24838,채팅상담을통한 처리가 편한줄몰랐고 사용해보니 좋았다.,칭찬>고객서비스>상담시스템,2,,,,,2
5225,24839,24시간 콜센터 아주 만족합니다,칭찬>고객서비스>상담시스템,2,,,,,2
5226,24840,주말근무 조아요,칭찬>고객서비스>상담시스템,2,,,,,2
5227,24841,"주말에 상담원 연결이 된다는 것이다른 카드에는 없는, 아주 편리하고 좋았습니다 덕분에 주말에 일처리를 할 수 있었습니다이 서비스로 인해 다른 카드사에는 더 큰 불평과 불만이 생기게 되었습니다",칭찬>고객서비스>상담시스템,2,,,,,2
5228,24842,주말임에도불구하구 서비스를받을수있다는게 감동입니다항상감사합니다,칭찬>고객서비스>상담시스템,2,,,,,2
5229,24843,삼성카드 톡 상담이 24시간인줄 몰랐는데 너무 편리하네요답장도 빠르게 주셨구요 매우 만족했습니다^^,칭찬>고객서비스>상담시스템,2,,,,,2
5230,24844,골드고객으로 지정되어 있어 빠른 안내 서비스를 받을수 있어 좋았다.  향후 오랜 고객에게 감동하는 서비를 제공해 주세요.,칭찬>고객서비스>상담시스템,2,,,,,2
5231,24845,새벽에도 상담할 수 있어 좋았음,칭찬>고객서비스>상담시스템,2,,,,,2
5232,24846,"삼성카드 플래티늄데스크 상담은 최고라고 생각한다. 이유는 24시간이며, 그것이 너무 좋다.",칭찬>고객서비스>상담시스템,2,,,,,2
5233,24848,골드회원 전용상담제도,칭찬>고객서비스>상담시스템,2,,,,,2
5234,24850,오카드 전담 콜센터 이용이 편리합니다,칭찬>고객서비스>상담시스템,2,,,,,2
5235,24851,9시 이전인데도 톡상담이 되어서 놀랐습니다,칭찬>고객서비스>상담시스템,2,,,,,2
5236,24854,주말상담에 감사합니다^^,칭찬>고객서비스>상담시스템,2,,,,,2
5237,24859,삼성 더오카드 프리미엄 전용 상담 센터에 매우 만족 합니다. 계속 운영유지 부탁합니다.,칭찬>고객서비스>상담시스템,2,,,,,2
5238,24861,골드회원은 ars 빨리연결,칭찬>고객서비스>상담시스템,2,,,,,2
5239,24862,골드회원에 대한 상담 서비스 우대,칭찬>고객서비스>상담시스템,2,,,,,2
5240,24863,골드회원연결 대만족,칭찬>고객서비스>상담시스템,2,,,,,2
5241,24870,골드회원 빠른 상담사 연결 감사합니다.,칭찬>고객서비스>상담시스템,2,,,,,2
5242,24876,짧은 통화연결 대기시간,칭찬>고객서비스>상담시스템,2,,,,,2
5243,24877,상담사 연결까지 대기 시간이 짧아서 좋았습니다.,칭찬>고객서비스>상담시스템,2,,,,,2
5559,209,부가세신고 시기에 맞게 바로 한번에 연결 메뉴가 있어 너무 편했습니다. 아이디어 낸 직원 꼭 포상해주세요. 삼성카드 더 많이 애용하겠습니다.설문 5번 항목은 어쩔 수 없어서 1번 체크했습니다.,칭찬>삼성카드>생활편의서비스,14,칭찬>고객서비스>상담원,1.0,불만>고객서비스>상담원,4.0,1
5560,234,개인정보확인이 간편해서 좋았음,칭찬>고객서비스>상담원,1,,,,,1
5561,236,친절상담과 상담원에  친절에 대단히감사합니다,칭찬>고객서비스>상담원,1,,,,,1
5562,237,친절한 상담 너무감사합니다,칭찬>고객서비스>상담원,1,,,,,1
5563,238,친절하게상담해주셨서감사합니다,칭찬>고객서비스>상담원,1,,,,,1
5564,239,친절상담감사하네요,칭찬>고객서비스>상담원,1,,,,,1
5565,240,친절하게 상담해주시니 감사함니다,칭찬>고객서비스>상담원,1,,,,,1
5566,241,친절한 상담감사드립니다.,칭찬>고객서비스>상담원,1,,,,,1
5567,245,친절한 상담에 감사드립니다,칭찬>고객서비스>상담원,1,,,,,1
5568,246,친절상담해주셔서 감사하네요,칭찬>고객서비스>상담원,1,,,,,1
5569,247,친절하게상담해주셔서감사합니다,칭찬>고객서비스>상담원,1,,,,,1
5570,248,친절 상담 감사합니다,칭찬>고객서비스>상담원,1,,,,,1
5571,249,친절한 상담에 감사합니다,칭찬>고객서비스>상담원,1,,,,,1
5572,251,친절하게 상담해주셔서 감사합니다!,칭찬>고객서비스>상담원,1,,,,,1
5573,253,친절상담 감사합니다.,칭찬>고객서비스>상담원,1,,,,,1
5574,255,친절한 상담 감사드립니다,칭찬>고객서비스>상담원,1,,,,,1
5575,256,친절상담감사합니다,칭찬>고객서비스>상담원,1,,,,,1
5576,257,친절한 상담에 감사드립니다.,칭찬>고객서비스>상담원,1,,,,,1
5577,258,친절하게 상담해주셔서 감사드립니다^^,칭찬>고객서비스>상담원,1,,,,,1
5578,259,친절하게 상담해주셔서 감사드립니다,칭찬>고객서비스>상담원,1,,,,,1
5579,260,친절한 상담 감사했습니다.,칭찬>고객서비스>상담원,1,,,,,1
5580,261,친절한 상담 감사합니다^^,칭찬>고객서비스>상담원,1,,,,,1
5581,262,친절한 상담 감사드립니다.,칭찬>고객서비스>상담원,1,,,,,1
5582,263,친절상담 감사합니당,칭찬>고객서비스>상담원,1,,,,,1
5583,264,친절 상담 감사,칭찬>고객서비스>상담원,1,,,,,1
5584,265,친절하게 상담해주어 감사합니다,칭찬>고객서비스>상담원,1,,,,,1
5585,266,친절한 상담 감사했습니다,칭찬>고객서비스>상담원,1,,,,,1
5586,267,친절한 상담! 감사드립니다.,칭찬>고객서비스>상담원,1,,,,,1
5587,269,OOO님 친절하게 상담해주셔서 감사합니다,칭찬>고객서비스>상담원,1,,,,,1
5588,270,친절하게 상담 감사합니다.,칭찬>고객서비스>상담원,1,,,,,1
5589,271,친절한 상담에 감사합니다~,칭찬>고객서비스>상담원,1,,,,,1
5590,272,친절하게  상담해주어서  감사하다,칭찬>고객서비스>상담원,1,,,,,1
5591,273,친절한 상담에 감사합니다.,칭찬>고객서비스>상담원,1,,,,,1
5592,274,친절하게  상담 잘받고  감사합니다.,칭찬>고객서비스>상담원,1,,,,,1
5593,275,친절한 상담 감사드려요^^,칭찬>고객서비스>상담원,1,,,,,1
5594,276,친절한 상담에감사드립니다,칭찬>고객서비스>상담원,1,,,,,1
5595,277,OOO님 친절상담 감사합니다,칭찬>고객서비스>상담원,1,,,,,1
5596,278,친절한 상담감사합니다ㅎㅎㅎ,칭찬>고객서비스>상담원,1,,,,,1
5597,279,친절하게 상담 감사합니다,칭찬>고객서비스>상담원,1,,,,,1
5598,280,친절하게상담하여주셔서감사합니다ㅡ,칭찬>고객서비스>상담원,1,,,,,1
5599,281,친절하게상담을해주네요ㅇ감사합니다,칭찬>고객서비스>상담원,1,,,,,1
5600,282,친절한 상담 감사합니다 ^^,칭찬>고객서비스>상담원,1,,,,,1
5601,283,친절한 상담 감사합니다 ♡,칭찬>고객서비스>상담원,1,,,,,1
5602,284,친절상담감사,칭찬>고객서비스>상담원,1,,,,,1
5603,285,친절한 상담 감사합니다!!,칭찬>고객서비스>상담원,1,,,,,1
5604,286,친절한 상담 감사합니다~^^,칭찬>고객서비스>상담원,1,,,,,1
5605,287,친절한 상담 감사합니다^-^,칭찬>고객서비스>상담원,1,,,,,1
5606,288,친절한 상담감사합니다,칭찬>고객서비스>상담원,1,,,,,1
5607,289,친절한 상담해주셔서 감사합니다.:),칭찬>고객서비스>상담원,1,,,,,1
5608,290,친절상담 감사,칭찬>고객서비스>상담원,1,,,,,1
5609,291,친절한  상담 감사합니다.,칭찬>고객서비스>상담원,1,,,,,1
5610,292,친절한  상담 감사하였습니다,칭찬>고객서비스>상담원,1,,,,,1
5611,293,친절상담 감사요,칭찬>고객서비스>상담원,1,,,,,1
5612,294,친절하고 만족스런 상담이엇습니다 감사합니다,칭찬>고객서비스>상담원,1,,,,,1
5613,295,친절하게  상담감사드림니다,칭찬>고객서비스>상담원,1,,,,,1
5614,296,친절하게 상담해주셔감사함니다ᆞ,칭찬>고객서비스>상담원,1,,,,,1
5615,297,친절하게 상담해주셔서 감사합니다^^,칭찬>고객서비스>상담원,1,,,,,1
5616,298,친절하게상담해주셔서감사드려요,칭찬>고객서비스>상담원,1,,,,,1
5617,299,상담친절해주셔서감사합니다,칭찬>고객서비스>상담원,1,,,,,1
5618,300,친절한 상담 감사합니다!,칭찬>고객서비스>상담원,1,,,,,1
5619,301,친절한 상담감사합니다^^,칭찬>고객서비스>상담원,1,,,,,1
5620,302,친절한 상담 감사합니다 :),칭찬>고객서비스>상담원,1,,,,,1
5621,303,친절하게상담해주셔감사합니다,칭찬>고객서비스>상담원,1,,,,,1
5622,304,친절한 상담 감사합니다.:),칭찬>고객서비스>상담원,1,,,,,1
5623,305,친절하게상담해쥬셔서 감사합니다,칭찬>고객서비스>상담원,1,,,,,1
5624,306,친절상담 감사합니다^^,칭찬>고객서비스>상담원,1,,,,,1
5625,307,친절상담 감사드립니다,칭찬>고객서비스>상담원,1,,,,,1
5626,308,친절하게 상담해주셔서 감사합니다!^^,칭찬>고객서비스>상담원,1,,,,,1
5627,309,친절하게상담에응해주어너무감사했어요,칭찬>고객서비스>상담원,1,,,,,1
5628,310,친절한  상담 감사합니다,칭찬>고객서비스>상담원,1,,,,,1
5629,311,친절한 상담 감사드립니다!,칭찬>고객서비스>상담원,1,,,,,1
5630,312,친절한 상담 감사드려요,칭찬>고객서비스>상담원,1,,,,,1
5631,313,친절상담.감사합니다,칭찬>고객서비스>상담원,1,,,,,1
5632,314,친절한 상담 감사합니다.^^,칭찬>고객서비스>상담원,1,,,,,1
5633,315,친절한  상담감사합니다,칭찬>고객서비스>상담원,1,,,,,1
5634,316,친절한 상담 감사드립니다. :),칭찬>고객서비스>상담원,1,,,,,1
5635,317,친절하게상담해주셔서감사합니다~,칭찬>고객서비스>상담원,1,,,,,1
5636,318,친절한 상담감사,칭찬>고객서비스>상담원,1,,,,,1
5637,319,친절한 상담 감사합니다...,칭찬>고객서비스>상담원,1,,,,,1
5638,320,눌 친절하고 상담에 감사합니다,칭찬>고객서비스>상담원,1,,,,,1
5639,321,친절한  상담  감사합니다,칭찬>고객서비스>상담원,1,,,,,1
5640,322,친절한 상담...감사합니다,칭찬>고객서비스>상담원,1,,,,,1
5641,323,친절한 상담 감사드려요.,칭찬>고객서비스>상담원,1,,,,,1
5642,324,친절하게 상담해주셔서 감사합니다^.^,칭찬>고객서비스>상담원,1,,,,,1
5643,325,친절한 상담 감사드려요~,칭찬>고객서비스>상담원,1,,,,,1
5644,326,다급했는데 친절한 상담 감사합니다.,칭찬>고객서비스>상담원,1,,,,,1
5645,327,친절한 상담감사드립니다,칭찬>고객서비스>상담원,1,,,,,1
5646,328,친절한 상담에  감사드립니다.,칭찬>고객서비스>상담원,1,,,,,1
5647,329,친절한 상담에 감사드립니다!,칭찬>고객서비스>상담원,1,,,,,1
5648,330,친절하게 상담해주셔서 감사합니다 :),칭찬>고객서비스>상담원,1,,,,,1
5649,331,친절하게  상담해주셔서  감사합니다,칭찬>고객서비스>상담원,1,,,,,1
5650,332,친절한 상담 감사합니다!!!,칭찬>고객서비스>상담원,1,,,,,1
5651,333,친절한 상담 감사드립니다^^,칭찬>고객서비스>상담원,1,,,,,1
5652,334,친절 상담 감사합니다 ^^,칭찬>고객서비스>상담원,1,,,,,1
5653,335,친절하고 배려심있는 상담에 감사합니다,칭찬>고객서비스>상담원,1,,,,,1
5654,336,친절하게 상담해주신 안내자에게 감사합니다,칭찬>고객서비스>상담원,1,,,,,1
5655,337,"친절한  상담에 감사드립니다,",칭찬>고객서비스>상담원,1,,,,,1
5656,338,친절하게 상담해주셔서 감사합니다 :-),칭찬>고객서비스>상담원,1,,,,,1
5657,339,친절하게상담해주어서감사했습니다!,칭찬>고객서비스>상담원,1,,,,,1
5658,340,친절하게상담해주셔서감사합니다^^,칭찬>고객서비스>상담원,1,,,,,1
5659,341,상담 친절하게 받아주셔서 감사합니다,칭찬>고객서비스>상담원,1,,,,,1
5660,342,친절한 상담 감사드립니다!^^,칭찬>고객서비스>상담원,1,,,,,1
5661,343,친절하게 상담해주셔서 감사합니다. 이세롬님,칭찬>고객서비스>상담원,1,,,,,1
5662,344,친절상담 감사합니다!,칭찬>고객서비스>상담원,1,,,,,1
5663,345,"친절한 상담, 감사합니다.",칭찬>고객서비스>상담원,1,,,,,1
5664,346,친절한 상담 감사합니다.~,칭찬>고객서비스>상담원,1,,,,,1
5665,347,친절하게 잘상담해주셔서 감사합니다.,칭찬>고객서비스>상담원,1,,,,,1
5666,348,친절하게 상담해주셔서  감사합니다,칭찬>고객서비스>상담원,1,,,,,1
5667,349,친절하게상담을해주어서감사합니다.,칭찬>고객서비스>상담원,1,,,,,1
5668,350,친절한 상담에 감사드립니다.^^,칭찬>고객서비스>상담원,1,,,,,1
5669,351,친절한 상담  감사합니다 ^^,칭찬>고객서비스>상담원,1,,,,,1
5670,352,친절하게 상담해주셔서 감사함니다,칭찬>고객서비스>상담원,1,,,,,1
5671,353,너무.친절상담해주셔서감사합니다,칭찬>고객서비스>상담원,1,,,,,1
5672,354,상담 친절하시네요 감사합니다,칭찬>고객서비스>상담원,1,,,,,1
5673,355,친절한 상담에 감사드립니다ᆞ,칭찬>고객서비스>상담원,1,,,,,1
5674,356,친절하게 상담해줘서 감사합니다,칭찬>고객서비스>상담원,1,,,,,1
5675,357,친절하게 상담해주셔서감사합니다,칭찬>고객서비스>상담원,1,,,,,1
5676,358,언제나친절상담감사합니다,칭찬>고객서비스>상담원,1,,,,,1
5677,359,친절하게 상담해주셔서 감사했습니다,칭찬>고객서비스>상담원,1,,,,,1
5678,360,친절하게 상담 감사,칭찬>고객서비스>상담원,1,,,,,1
5679,361,친절한 상담감사합니다.,칭찬>고객서비스>상담원,1,,,,,1
5680,362,친절한 상담 감사합니다~~^^,칭찬>고객서비스>상담원,1,,,,,1
5681,363,친절한 상담에 감사합니다!,칭찬>고객서비스>상담원,1,,,,,1
5682,364,친절한 상담 감사합니다~!,칭찬>고객서비스>상담원,1,,,,,1
5683,365,친절한 상담 감사합니다~~~,칭찬>고객서비스>상담원,1,,,,,1
5684,366,친절한 상담  감사합니다.,칭찬>고객서비스>상담원,1,,,,,1
5685,367,친절한 상담  감사합니다,칭찬>고객서비스>상담원,1,,,,,1
5686,368,친절한 상담 감사,칭찬>고객서비스>상담원,1,,,,,1
5687,369,친절한 상담에 감사드립니다~,칭찬>고객서비스>상담원,1,,,,,1
5688,370,언제니 친절한 상담 감사합니다,칭찬>고객서비스>상담원,1,,,,,1
5689,371,친절하게상담해주셔서감사합니다:),칭찬>고객서비스>상담원,1,,,,,1
5690,372,친절상담  감사,칭찬>고객서비스>상담원,1,,,,,1
5691,373,친절한 상담 감사하고요.,칭찬>고객서비스>상담원,1,,,,,1
5692,374,친절하게 상담해주셔서 감사합니다~^^,칭찬>고객서비스>상담원,1,,,,,1
5693,375,바쁘신 시간대에 친절하게 상담해주셔서감사드립니다,칭찬>고객서비스>상담원,1,,,,,1
5694,376,친절한.상담 감사합니다,칭찬>고객서비스>상담원,1,,,,,1
5695,377,친절한 상담 감사합니다. ^^,칭찬>고객서비스>상담원,1,,,,,1
5696,378,친절하게상담해주어서감사합니다!,칭찬>고객서비스>상담원,1,,,,,1
5697,379,친절하게. 상담해주셨서 감사했읍니다,칭찬>고객서비스>상담원,1,,,,,1
5698,380,친절한 상담 감사합니다:-),칭찬>고객서비스>상담원,1,,,,,1
5699,381,친절하게상담해주심감사드립니다,칭찬>고객서비스>상담원,1,,,,,1
5700,382,친절상담에감사하다.,칭찬>고객서비스>상담원,1,,,,,1
5701,383,친절한 상담에 감사,칭찬>고객서비스>상담원,1,,,,,1
5702,384,친절한 상담에 감사드려요,칭찬>고객서비스>상담원,1,,,,,1
5703,385,친절한 상담 감사합니다♡,칭찬>고객서비스>상담원,1,,,,,1
5704,386,친절 상담 감사드립니다,칭찬>고객서비스>상담원,1,,,,,1
5705,387,상담사분친절에  감사드립니다,칭찬>고객서비스>상담원,1,,,,,1
5706,388,"친절하게 상담해주셔서 감사합니다,",칭찬>고객서비스>상담원,1,,,,,1
5707,389,친절한 상담 감사요,칭찬>고객서비스>상담원,1,,,,,1
5708,390,친절한 상담 감사합니다~~,칭찬>고객서비스>상담원,1,,,,,1
5709,391,친절하게 상담해주어 감사드립니다,칭찬>고객서비스>상담원,1,,,,,1
5710,392,친절한 상담  감사,칭찬>고객서비스>상담원,1,,,,,1
5711,393,친절하게상담해주시니감사합니다,칭찬>고객서비스>상담원,1,,,,,1
5712,394,감사합니다 너무친절했습니다,칭찬>고객서비스>상담원,1,,,,,1
5713,395,친절 감사드립니다,칭찬>고객서비스>상담원,1,,,,,1
5714,396,친절 감사요,칭찬>고객서비스>상담원,1,,,,,1
5715,397,너무친절했습니다 감사합니다,칭찬>고객서비스>상담원,1,,,,,1
5716,398,친절합니다. 감사합니다.,칭찬>고객서비스>상담원,1,,,,,1
5717,399,친절감사,칭찬>고객서비스>상담원,1,,,,,1
5718,400,친절 감사합니다.,칭찬>고객서비스>상담원,1,,,,,1
5719,401,친절해서 감사합니다,칭찬>고객서비스>상담원,1,,,,,1
5720,402,친절하게 도와주셔서감사합니당,칭찬>고객서비스>상담원,1,,,,,1
5721,403,친절하게 해주셔서감사합니다,칭찬>고객서비스>상담원,1,,,,,1
5722,404,친절해서 감사,칭찬>고객서비스>상담원,1,,,,,1
5723,405,친절에 감사합니다.,칭찬>고객서비스>상담원,1,,,,,1
5724,406,친절에 감사합니다,칭찬>고객서비스>상담원,1,,,,,1
5725,407,친절하셔서 감사합니다,칭찬>고객서비스>상담원,1,,,,,1
5726,408,메우친절하여감사합니다,칭찬>고객서비스>상담원,1,,,,,1
5727,409,너무친절하셔서 감사합니다,칭찬>고객서비스>상담원,1,,,,,1
5728,410,친절하게잘해주셔서감사했읍니다,칭찬>고객서비스>상담원,1,,,,,1
5729,411,친절하게 잘해주셨읍니다  감사합니다,칭찬>고객서비스>상담원,1,,,,,1
5730,412,친절하고감사합니다,칭찬>고객서비스>상담원,1,,,,,1
5731,413,너무감사합니다 친절하셨어용,칭찬>고객서비스>상담원,1,,,,,1
5732,414,친절했습니다 감사합니다,칭찬>고객서비스>상담원,1,,,,,1
5733,415,친절하게해주셔 감사합니다,칭찬>고객서비스>상담원,1,,,,,1
5734,416,친절감사드려요,칭찬>고객서비스>상담원,1,,,,,1
5735,417,친절하셔서 감사했습니다.,칭찬>고객서비스>상담원,1,,,,,1
5736,418,친절에 감사합니다!^^,칭찬>고객서비스>상담원,1,,,,,1
5737,419,친절하시고빠르세용 감사합니다,칭찬>고객서비스>상담원,1,,,,,1
5738,420,너무친절해주셔서감사합니다,칭찬>고객서비스>상담원,1,,,,,1
5739,421,친절하게해주셔서 감사합니다,칭찬>고객서비스>상담원,1,,,,,1
5740,422,너무친절하셔서 감사합니다.,칭찬>고객서비스>상담원,1,,,,,1
5741,423,감사합니다 친절하셔서,칭찬>고객서비스>상담원,1,,,,,1
5742,424,친절 감사,칭찬>고객서비스>상담원,1,,,,,1
5743,425,친절감사합니다,칭찬>고객서비스>상담원,1,,,,,1
5744,426,친절합니다 감사합니다,칭찬>고객서비스>상담원,1,,,,,1
5745,427,친절하셔서 감사드립니다.,칭찬>고객서비스>상담원,1,,,,,1
5746,428,친절에 감사드립니다,칭찬>고객서비스>상담원,1,,,,,1
5747,429,친절에감사합니다,칭찬>고객서비스>상담원,1,,,,,1
5748,430,친절~ 감사합니다,칭찬>고객서비스>상담원,1,,,,,1
5749,431,친절해주셔서감사,칭찬>고객서비스>상담원,1,,,,,1
5750,432,친절하세요감사합니다,칭찬>고객서비스>상담원,1,,,,,1
5751,433,친절 감사합니다,칭찬>고객서비스>상담원,1,,,,,1
5752,434,친절함예 감사드림니다,칭찬>고객서비스>상담원,1,,,,,1
5753,435,친절하여 감사합니다,칭찬>고객서비스>상담원,1,,,,,1
5754,436,친절하세요.  감사합니다,칭찬>고객서비스>상담원,1,,,,,1
5755,437,친절하시네요 감사합니다^^,칭찬>고객서비스>상담원,1,,,,,1
5756,438,친절하게 답해줘서 감사합니다,칭찬>고객서비스>상담원,1,,,,,1
5757,439,전체적으로친절합니다 감사합니다,칭찬>고객서비스>상담원,1,,,,,1
5758,440,친절하고  ..감사합니다,칭찬>고객서비스>상담원,1,,,,,1
5759,441,"친절, 감사합니다.",칭찬>고객서비스>상담원,1,,,,,1
5760,442,너무친절해서감사합니다,칭찬>고객서비스>상담원,1,,,,,1
5761,443,OOO님의 친절에 감사드립니다 ^^,칭찬>고객서비스>상담원,1,,,,,1
5762,444,친절하시네요. 감사합니다.,칭찬>고객서비스>상담원,1,,,,,1
5763,445,친절에 감사드립니다^^,칭찬>고객서비스>상담원,1,,,,,1
5764,446,헝상 친절해서 감사합니당,칭찬>고객서비스>상담원,1,,,,,1
5765,447,너무너무친절감사합니다,칭찬>고객서비스>상담원,1,,,,,1
5766,448,친절하셔서 감사했습니다,칭찬>고객서비스>상담원,1,,,,,1
5767,449,친절에 감사드립니다~^^,칭찬>고객서비스>상담원,1,,,,,1
5768,450,"친절에감사 """,칭찬>고객서비스>상담원,1,,,,,1
5769,451,친절하시네요 감사합니다!,칭찬>고객서비스>상담원,1,,,,,1
5770,452,친절 감사합니다~,칭찬>고객서비스>상담원,1,,,,,1
5771,453,친절하시고 감사합니다,칭찬>고객서비스>상담원,1,,,,,1
5772,454,너무친절해서.정말감사햇음니다,칭찬>고객서비스>상담원,1,,,,,1
5773,455,너무친절 하십니다.  감사합니다.,칭찬>고객서비스>상담원,1,,,,,1
5774,456,친절하세서.감사합니다,칭찬>고객서비스>상담원,1,,,,,1
5775,457,친절하게해줘감사합니다,칭찬>고객서비스>상담원,1,,,,,1
5776,458,친절하고 감사했습니다,칭찬>고객서비스>상담원,1,,,,,1
5777,459,친절하게 답해줘서 감사합니다.,칭찬>고객서비스>상담원,1,,,,,1
5778,460,친절하게 잘하고계심 감사드립니다.,칭찬>고객서비스>상담원,1,,,,,1
5779,461,친절하게  감사합니다,칭찬>고객서비스>상담원,1,,,,,1
5780,462,친절해서 감사합니다.,칭찬>고객서비스>상담원,1,,,,,1
5781,463,친절하시고 감사했습니다,칭찬>고객서비스>상담원,1,,,,,1
5782,464,너무친절하셨어요너무감사드립니다♡,칭찬>고객서비스>상담원,1,,,,,1
5783,465,친절하게되어주어감사합니다,칭찬>고객서비스>상담원,1,,,,,1
5784,466,친절하셨어요감사합니다,칭찬>고객서비스>상담원,1,,,,,1
5785,467,친절해서 감사요,칭찬>고객서비스>상담원,1,,,,,1
5786,468,친절하게  해주셔  감사합니다,칭찬>고객서비스>상담원,1,,,,,1
5787,469,매우친절하셨습니다감사합니다,칭찬>고객서비스>상담원,1,,,,,1
5788,470,너무친절해서 감사했어요,칭찬>고객서비스>상담원,1,,,,,1
5789,471,늘친절하셔서감사합니다,칭찬>고객서비스>상담원,1,,,,,1
5790,472,감사하고 친절하네요,칭찬>고객서비스>상담원,1,,,,,1
5791,473,친절하세요!! 감사합니다.,칭찬>고객서비스>상담원,1,,,,,1
5792,474,친절해주셔감사합니다,칭찬>고객서비스>상담원,1,,,,,1
5793,475,친절이죠.감사합니다,칭찬>고객서비스>상담원,1,,,,,1
5794,476,친절하셔서 감사합니다!,칭찬>고객서비스>상담원,1,,,,,1
5795,477,친절하세요 감사합니다,칭찬>고객서비스>상담원,1,,,,,1
5796,478,넘친절해서 감사,칭찬>고객서비스>상담원,1,,,,,1
5797,479,친절하게해주셔서 감사합니당,칭찬>고객서비스>상담원,1,,,,,1
5798,480,친절  감사,칭찬>고객서비스>상담원,1,,,,,1
5799,481,친절이 감사한것이 좋냈요,칭찬>고객서비스>상담원,1,,,,,1
5800,482,친절하셔서 감사합니다.,칭찬>고객서비스>상담원,1,,,,,1
5801,483,친절하게 응해주셔 감사합니다,칭찬>고객서비스>상담원,1,,,,,1
5802,484,친절하셔서 감사합니다 ^^,칭찬>고객서비스>상담원,1,,,,,1
5803,485,친절  감사!,칭찬>고객서비스>상담원,1,,,,,1
5804,486,친절에 감사드립니다.,칭찬>고객서비스>상담원,1,,,,,1
5805,487,친절 하시네요감사합니다,칭찬>고객서비스>상담원,1,,,,,1
5806,488,친절하여  감사합니다,칭찬>고객서비스>상담원,1,,,,,1
5807,489,친절에  감사드림니다,칭찬>고객서비스>상담원,1,,,,,1
5808,490,친절에 감사,칭찬>고객서비스>상담원,1,,,,,1
5809,491,너무친절해서 감사합니다,칭찬>고객서비스>상담원,1,,,,,1
5810,492,친절하게해주셧어감사합니다,칭찬>고객서비스>상담원,1,,,,,1
5811,493,친절하고 상냥하였습니다. 감사합니다.,칭찬>고객서비스>상담원,1,,,,,1
5812,494,친절.감사합니다.,칭찬>고객서비스>상담원,1,,,,,1
5813,495,친절하고 감사합니다,칭찬>고객서비스>상담원,1,,,,,1
5814,496,친절하게 대해주셔셔 감사드립니다.,칭찬>고객서비스>상담원,1,,,,,1
5815,497,친절에  늘감사 하고있습니다ㆍ,칭찬>고객서비스>상담원,1,,,,,1
5816,498,친절하게  해주셨어 감사합니다!,칭찬>고객서비스>상담원,1,,,,,1
5817,499,친절하게 잘받었습니다 ㅡ감사합니다,칭찬>고객서비스>상담원,1,,,,,1
5818,500,친절 감사합니다^^,칭찬>고객서비스>상담원,1,,,,,1
5819,501,친절하고 속도감 있어감사ㆍ,칭찬>고객서비스>상담원,1,,,,,1
5820,502,친절한  안냐 감사합니다,칭찬>고객서비스>상담원,1,,,,,1
5821,503,친절하셔서감사했습니다,칭찬>고객서비스>상담원,1,,,,,1
5822,504,친절하게 답면해주셔  넘감사요,칭찬>고객서비스>상담원,1,,,,,1
5823,505,정말친절하셨습니다 감사합니다,칭찬>고객서비스>상담원,1,,,,,1
5824,506,친절감사합니다.,칭찬>고객서비스>상담원,1,,,,,1
5825,507,친절하셨습니다 감사합니다.,칭찬>고객서비스>상담원,1,,,,,1
5826,508,친절하여 감사했습니다,칭찬>고객서비스>상담원,1,,,,,1
5827,509,친절하세요 감사합니다^^,칭찬>고객서비스>상담원,1,,,,,1
5828,510,OOO님 너무친절하게알려주셔서 감사합니다 ^_^,칭찬>고객서비스>상담원,1,,,,,1
5829,511,친절해서  감사했어요,칭찬>고객서비스>상담원,1,,,,,1
5830,512,친절하게잘해주셔서감사합니다,칭찬>고객서비스>상담원,1,,,,,1
5831,513,친절해서 좋았어요감사합니다-^^,칭찬>고객서비스>상담원,1,,,,,1
5832,514,친절하셔서그저 감사합니다,칭찬>고객서비스>상담원,1,,,,,1
5833,515,친절에감사,칭찬>고객서비스>상담원,1,,,,,1
5834,516,친절한 응다 감사합니다.,칭찬>고객서비스>상담원,1,,,,,1
5835,517,친절에 감사합니다^^,칭찬>고객서비스>상담원,1,,,,,1
5836,518,"친절하십니다,감사합니다,",칭찬>고객서비스>상담원,1,,,,,1
5837,519,친절하셨어요 감사합니다,칭찬>고객서비스>상담원,1,,,,,1
5838,520,친절하고 감사했습니다.,칭찬>고객서비스>상담원,1,,,,,1
5839,521,친절감사 함니다,칭찬>고객서비스>상담원,1,,,,,1
5840,522,친절해서감사합니다,칭찬>고객서비스>상담원,1,,,,,1
5841,523,친절하세요~ 감사합니다,칭찬>고객서비스>상담원,1,,,,,1
5842,524,고맙고친절했습니다.감사합니다!,칭찬>고객서비스>상담원,1,,,,,1
5843,525,친절하게 감사합니다,칭찬>고객서비스>상담원,1,,,,,1
8454,1,타카드사에  재산세  납부 문의를  했는데  답변을 잘해주었는데도  다시 상담사가  직접 전화까지  주면서  카드사용 방법을  설명해주고  캐쉬까지  안내해줌 상담사가  직접 전화까지  주는 경우는  없는데  고맙더군요,칭찬>기타,24,,,,,24
8455,2885,SKT친절해요,칭찬>기타,24,,,,,24
8456,3041,친절 상냥Sk텔레콤이 아주편하게 상담해줍니다,칭찬>기타,24,,,,,24
8457,3126,상담감사합니다,칭찬>기타,24,,,,,24
8458,3128,상담 감사합니다!,칭찬>기타,24,,,,,24
8459,3131,상담감사했어요,칭찬>기타,24,,,,,24
8460,3133,상담 감사합니다.,칭찬>기타,24,,,,,24
8461,3144,밤늦게까지상담해주셔서감사합니다,칭찬>기타,24,,,,,24
8462,3145,상담  감사합니다!,칭찬>기타,24,,,,,24
8463,3146,상담 감사,칭찬>기타,24,,,,,24
8464,3147,상담 감사드립니다,칭찬>기타,24,,,,,24
8465,3148,상담 감사요^^,칭찬>기타,24,,,,,24
8466,3150,상담 감사합니다,칭찬>기타,24,,,,,24
8467,3151,상담에 감사,칭찬>기타,24,,,,,24
8468,3503,상담 너무 감사했습니다,칭찬>기타,24,,,,,24
8469,3749,상담 감사해요!!! ^_^,칭찬>기타,24,,,,,24
8470,3752,상담감사해요,칭찬>기타,24,,,,,24
8471,3855,엘지유플러스 직원의친절함 적극성!!!,칭찬>기타,24,,,,,24
8472,3993,상담해주신 직원분 께 감사합니다,칭찬>기타,24,,,,,24
8473,4480,상담 직원분들 항상 감사드립니다,칭찬>기타,24,,,,,24
8474,5118,응대감사,칭찬>기타,24,,,,,24
8475,5119,응대감사했습니다^^,칭찬>기타,24,,,,,24
8476,5584,오늘 상담 감사했습니다.,칭찬>기타,24,,,,,24
8477,6195,상담원님 감사합니다.,칭찬>기타,24,,,,,24
8478,7900,Sk는 항상친절해요,칭찬>기타,24,,,,,24
8479,9297,하나카드 응대시에는 매우 친절했어요...ㅜㅜ,칭찬>기타,24,,,,,24
8480,9858,다른카드사 직원은 친절하십니다,칭찬>기타,24,,,,,24
8481,10434,다른카드가 휠씬 친절 해습니다.,칭찬>기타,24,,,,,24
8482,10775,한화손해보럼상담원분들은 정말 차분하고 정확하게 아주 만족스러운상담을 하심,칭찬>기타,24,,,,,24
8483,11573,삼성전자설치기사님들에신속함에 감사합니다.,칭찬>기타,24,,,,,24
8484,11797,"한화 생명. 너무 신속,  친절.",칭찬>기타,24,,,,,24
8485,12844,다른회사도 친절합니다,칭찬>기타,24,,,,,24
8486,12877,다른회사직원들도다친절하게받습니다,칭찬>기타,24,,,,,24
8487,13114,타회사카드는더친절하다,칭찬>기타,24,,,,,24
8488,13331,타사 카드 상담원은 다 친절했음,칭찬>기타,24,,,,,24
8489,13399,Sk텔레콤은 항상친절하고 문의사항 더있나 물어봐줌.,칭찬>기타,24,,,,,24
8490,13558,.감사하다고할게요응대,칭찬>기타,24,,,,,24
8491,14023,감사합니다  삼성카드 직원분,칭찬>기타,24,,,,,24
8492,14024,감사합니다  좋은하루되세요.,칭찬>기타,24,,,,,24
8493,14109,100세 시대에 나이든 상담자의 문의를 친절하고불편함이 없이 상담해주는 직원과의 통회는 너무 고맙게  생각되는 다른곳의 상담시 느꼈던 마음입니다.,칭찬>기타,24,,,,,24
8494,14977,구경만하고 가려고했는데 친절하게 너무 설명을 잘 해주셔서 구매했읍니다,칭찬>기타,24,,,,,24
8495,15267,Sk 탤레콤이 제일 친절한 편인데 친절하기갸 막상막하엡니다,칭찬>기타,24,,,,,24
8496,15547,궁금사항 너무많아 시간이걸렸음에도 끝까지 친절하게  자상하게  답해주신 일에대해 감사함을느낌 (다른 회사),칭찬>기타,24,,,,,24
8497,15649,"오늘통화한 114고객센타직원분인데 긴질문에도너무 상냥하고,친절하고,말투속에 스마일을 하고 응대하는모습을 느꼈습니다.끝까지 기분좋게 통화하고 나의기분까지 좋게 만들어주는것같아 행복감도 느꼈습니다.",칭찬>기타,24,,,,,24
8498,15775,유플러스 통신사는 매우 친절함 통화하고 나면 기분이 좋아집니다,칭찬>기타,24,,,,,24
8499,16239,오늘도 좋은 하루요,칭찬>기타,24,,,,,24
8500,16448,kt 직원분 설명을 잘해주시고 프로모션 설명도 잘해주셔서 좋아요,칭찬>기타,24,,,,,24
8501,16468,SK 텔레콤 회사 직원들이 전화응대를 잘합니다.,칭찬>기타,24,,,,,24
8502,16555,정확하세요,칭찬>기타,24,,,,,24
8503,16693,Sk텔레콤에서 쉬운말 설명과 그리고 신속한 연결과 상담내용 문자로 설명 좋았어요,칭찬>기타,24,,,,,24
8504,16916,타회사에 불편접수를 햇는데 상담분이 엄청 미안해하시구 신속하게 처리도와줘서 감동받음.친절하게 대응해주고 건강도 염려해주는 멘트가 두고두고 기억되네요,칭찬>기타,24,,,,,24
8505,17016,Skt통신사 콜센터 상담직원은 신속하고 부족한부분은 확인해서 다시알려줌 미안할정도 친절함,칭찬>기타,24,,,,,24
8506,17113,BC카드 상담원이 상담이 꿑났는대 다시 전화가와서 자세한 상담을 해주었다,칭찬>기타,24,,,,,24
8507,17271,SKT전화상담 끝나고나면 항상 문자가 날라오는데 상담했었던 내용에대한 부분과 상담요청자가 이야기 했던내용을 담아 친절하게 보내주는 문자가 엄청 감동적이었음,칭찬>기타,24,,,,,24
8508,17495,신속함,칭찬>기타,24,,,,,24
8509,17673,Sk텔레콤 고객센터 친절하기도하지만 내가 궁금한것들도 궁금하지아니한것들도 궁금하게 만들게끔하는 설명도 매우 만족스럽습니다,칭찬>기타,24,,,,,24
8510,18072,KB카드사는 문의내용에대해 친절히 듣고 하는말에대해 다 경청후 안내를해서 기분좋은통화를 했었어요,칭찬>기타,24,,,,,24
8511,18102,타회사는신속하게처리됩니다,칭찬>기타,24,,,,,24
8512,18266,롯데는 참 친절 하드만요ᆢ,칭찬>기타,24,,,,,24
8513,18403,롯데카드사는  친절하게도  방법을  알켜줍니다,칭찬>기타,24,,,,,24
8514,18582,Gs상담은정말빠르게처리잘해주시고다른곳보다신속정확해서ㅇ싣음이가요,칭찬>기타,24,,,,,24
8515,18598,최근 삼성생명 상담 업무로 전화 이용시 굉장히 편안하고 친절한 응대 서비스가 인상적이었습니다.물론 직원들마다 편차는 인정합니다만 짧은 시간 전달되는 상담원의 응대가 고객의 마음을 움직일수 있다는 걸 기억해 주시길 바랍니다.,칭찬>기타,24,,,,,24
8516,18724,신한카드사 직원분들은 친절하고 미리 예상해서 말씀해주셔서 대화가 편하고 좋습니다,칭찬>기타,24,,,,,24
8517,18932,LG고객센타 상담여직원은 고객문의가 잘해결될때까지 끝까지 확인전화해서 상담했던게 기억에 남는다,칭찬>기타,24,,,,,24
8518,19057,SKT 상담원들 짱!,칭찬>기타,24,,,,,24
8519,19140,"신한은행의 상담사에게 모바일통한 추가 계좌 계설을 문의한적이 있었는데, 정말 친절하게 너무 성심성의껏 상담해주셔서 감동한적이 있었다. 전화 한 통화로 신한은행사의 좋은 기억만 계속 남게 된 사례.",칭찬>기타,24,,,,,24
8520,19484,하나카드 상담사 간결하고 친절하게 필요한 것만 구체적으로 설명해주어 이해하기 쉬웠음.,칭찬>기타,24,,,,,24
8521,19551,신속,칭찬>기타,24,,,,,24
8522,19713,T  고객센터  상담원분들  상당히  친절합니다,칭찬>기타,24,,,,,24
8523,19923,우체국 콜센터 직원은 전화하니..고객 요구사항을 빨리 파악하고 고객 입장에서 처리함.,칭찬>기타,24,,,,,24
8524,19935,Sk Telecom 의 친절과 전문성,칭찬>기타,24,,,,,24
8525,19939,다른카드사에서는 조금더 적극적으로 친절하게 상담,칭찬>기타,24,,,,,24
8526,19946,타회사 경험인데 해당사건이 해결되고나서 잘해결되었는지 상담했던분이 전화 주셔서 너무좋았다,칭찬>기타,24,,,,,24
8527,19961,위에내용이롯데상담사들이친절하게진행하는방법아다,칭찬>기타,24,,,,,24
8528,20111,OOO상담원님 코로나 감염 조힘하세요,칭찬>기타,24,,,,,24
8529,20151,Sk텔레콤 상담 직원들요.예전 경험인대요. 진심.으로 대화하는 느낌이 확실히 좋았던 기억이 있습니다,칭찬>기타,24,,,,,24
8530,20215,제가 홈쇼핑 상담원과 통화할때 그 상담원은 다른 상담원에게 넘겨도 될법한일도 본인교육때문에 자리를 비우게되는것까지 얘기해주며 상담에 최선을 다하는 모습에 큰 고마움을 느낀적이 있습니다 그직원이 엄청나게 친절한말투는 아니었지만 고객을 대하는 마음이 느껴질때 고객도 감동을 받는것같습니다 가끔 목소리만 하이톤으로하면 친절하는줄아는 상담사분들이 계셔서 말씀드립니다,칭찬>기타,24,,,,,24
8531,20250,삼성전자부장님.친절하게설명해주셔서감사드림니다.김치냉장고구입하였습니다.,칭찬>기타,24,,,,,24
8532,20390,황상 수고하시는 상담 직원 분들에게 감사하다는 말씀 드리고 싶네요,칭찬>기타,24,,,,,24
8533,20392,타회사에서는 친근하게 답변주셔서 상담도 편하게 느껴지고 상담끝나고도 좋았던것같습니다.,칭찬>기타,24,,,,,24
8534,20462,현대카드 친절하더라구요,칭찬>기타,24,,,,,24
8535,20621,회사말씀은 드리지않겠지만 중소회사지만너무친절하고  너무쉽게 답변해주어  끝에복많이받으시라는  이야기를  해준적있습니다,칭찬>기타,24,,,,,24
8536,20673,타사카드상담원님 친절함에 놀랐습니다.,칭찬>기타,24,,,,,24
8537,20783,메리츠는 굉장히 친절합니다..고객을 소중히 여기는 듯..,칭찬>기타,24,,,,,24
8538,20790,타카드사에서도  똑같은 상담을 받아봤었고 사용도 했었었는데 진심으로 고객의 입장을 들어주고 도와주려고하고 친절하게 대하는 모습이 참좋았었다,칭찬>기타,24,,,,,24
8539,20900,신한 카드 상담 서비스가 더 친절하고 고객의애로 사항을 해결 하고자 노력 합니다.,칭찬>기타,24,,,,,24
8540,20961,SKT상담직원의 소비자편에서 따져봐서 소비자에게 맞는 월정액추천.아주 고마웠다.,칭찬>기타,24,,,,,24
8541,21033,KT는 상담사 응답이나 확인도가 빠르고 정확했어요. 참고하세요.,칭찬>기타,24,,,,,24
8542,21298,글쎄요 sk  telecom도 많이 친절함,칭찬>기타,24,,,,,24
8543,21347,Sk통신사 상담뭔의 태도가 신속친절해서칭찬할 만 하다,칭찬>기타,24,,,,,24
8544,21651,롯데카드 상담사님은 같은 질문에도성의있게 답변해주시고 친절히 설명을 잘해주셔서삼성과 롯데 둘중 카드하나면 쓰라면 롯데만 쓰고싶네요,칭찬>기타,24,,,,,24
8545,21664,국민카드사 상담서비스 경험인데요 고객이 처리하고자 하는 내용을  정확히 모르니까 상세하게 알아서 다시 전화가 와 말해줬을때 감동받았습니다.,칭찬>기타,24,,,,,24
8546,21691,전체적인 불편함과 불만은 없었습니다. 상기 문항의 불편함도 없을정도로 좋았습니다.,칭찬>기타,24,,,,,24
8547,21752,다른회사 상담사 분께 잘 몰라서 불안한 마음으로 문의했는데내가 문의한것에대해 좋은정보를이야기해주어서  마음도기쁘고 안심이되었습니다,칭찬>기타,24,,,,,24
8548,21800,LG  상당히 친절하고 공감하고 상냥하고 도와주려 성의를 보임,칭찬>기타,24,,,,,24
8549,21802,하나은행은 친절히 잘 설명해줌,칭찬>기타,24,,,,,24
8550,21971,롯데카드 상담시 바로바로 문제를 해결해주고 답변도 여러가지 방법으로 알려준다,칭찬>기타,24,,,,,24
8551,22011,애플이 상담서비스 ㅆㅅㅌㅊ임 전문성도 뛰어나고 여유롭고 친절하고 배려함고급 호텔 식당에서 서빙받는 느낌과 비슷함,칭찬>기타,24,,,,,24
8552,22027,좋은하루되세요ㆍ,칭찬>기타,24,,,,,24
8553,22089,타회사(하나은행)의 경우가 있으나기재하긴 너무 기네요^^지금도 기억나는 최고의 친절직원이어서기억이 많이 남네요,칭찬>기타,24,,,,,24
8554,22421,다른카드사는 부드럽고 친절하게 연체미납 카드비를  설명해줘서 무한감사를했다아주 친절하게,칭찬>기타,24,,,,,24
8555,22457,감사하게 생각합니다,칭찬>기타,24,,,,,24
8556,22564,국민카드 발급 상담시 연회비 및 기타 사항들을 꼼꼼한비교 설명으로 카드 발급 선택을 맞춤형 카드로 발급 받을 수 있게 친절했었던 상담원이 지금 생각해도 감사하네요,칭찬>기타,24,,,,,24
8557,22612,SKT가상담할때 더 상냥하게 느껴져요.목소리에서도 미소가 느껴져요,칭찬>기타,24,,,,,24
8558,22656,타 회사 전화상담시에 알아들을수 있을때까지  설명해줌으로 해서 너무 고마움을 느낄때가 있었습니다.,칭찬>기타,24,,,,,24
8559,22680,신한카드 가 좀더 친절함,칭찬>기타,24,,,,,24
8560,22980,국민카드 친절하고 서비스 최고입니다 삼성카드도 못지않구요,칭찬>기타,24,,,,,24
8561,23049,역시 삼성 감사합니다,칭찬>기타,24,,,,,24
8562,23158,힘든시국에 상담원분들 고생해서 안스럽다,칭찬>기타,24,,,,,24
8563,23219,"예컨대,SKTelecom의상담직원들 응대태도,처리방식등직접체험하여 좋은점을그대로좀배워실행  Surprise하게해주시기바랍니다",칭찬>기타,24,,,,,24
8564,23342,"Skt 에서 전화받으신 분이 잘 모르는 부분을 질문했어요. 보통 담당하는 다른 부서로 넘기거나 할텐데, 본인이 직접 몇시간 안에 그 건을 파악하고 공부를 해서 연락을 주시고 직접 안내를 해주시더라고요. 상담자분이 뿌듯하게 안내해주시는 자신감넘치는 안내를 들으며 저도 괜시리 기분이 좋았었네요. 그만큼 회사에서 직원분을 위해 공부를 할 시간과 배려를 해줬으니 가능한 일이라 생각합니다.",칭찬>기타,24,,,,,24
8565,23390,SK테레콤도노인배려로차분하고 이해돕기에 최선을 다 하고있어요,칭찬>기타,24,,,,,24
8566,23556,고객이야기의 공감(다이슨 고객센터),칭찬>기타,24,,,,,24
8567,23627,신한이 훨씬친절하네요. 삼성을주로이용했었는데 괜히 그랬나싶어요.,칭찬>기타,24,,,,,24
8568,23666,삼성증권에서 받은 서비스..요청하지 않았지만 저의 조건에 맞는 설명과 사실을 따로 알아보시고 전화 주셔서 알려주는 적극적인 응대,칭찬>기타,24,,,,,24
8569,23678,다른카드 상담원은  고객이 뭘 원하는지 미리 응답해줌,칭찬>기타,24,,,,,24
8570,23865,고마워요,칭찬>기타,24,,,,,24
8571,23866,고마워요...^^,칭찬>기타,24,,,,,24
8572,23867,고마워요 항시친,칭찬>기타,24,,,,,24
8573,23891,최선을 다하시고 몸 건강하세요,칭찬>기타,24,,,,,24
8574,23916,신한카드의 OOO 직원의 경우 야간 분실 신고 상담 시간이었음에도 신속하고 책임감있게 본인의 일처럼 상담하고 일 처리해줌,칭찬>기타,24,,,,,24
8575,24002,잘하고있어다른불편사항은없습니다,칭찬>기타,24,,,,,24
8576,24099,신한카드사 상담 시스템이 맘에 듭니다.,칭찬>기타,24,,,,,24
8577,24262,"통신3사, 국민건강보험 등 회사가 상담을친절  신속히 잘함... 한번 비교해보세요",칭찬>기타,24,,,,,24
8578,24309,"국민카드는 혜택사항을 매달 알려주고,빠르게 처리해줘서 항상감사하게 쓰고있습니다",칭찬>기타,24,,,,,24
9704,235,"삼성팬입니다,  현제만족합니다.",칭찬>삼성카드,23,,,,,23
9705,13174,00카드는 상담하면 기분이 나뻐집니다 ㅋ삼성은 좋아요!!,불만>기타,42,칭찬>삼성카드,23.0,,,23
9706,17312,삼성카드 상담불편사항이 없음,칭찬>삼성카드,23,,,,,23
9707,18115,삼성카드가 제일 전문적이고 정확하다.,칭찬>삼성카드,23,,,,,23
9708,20324,1등기업인만큼 우수하다생각함,칭찬>삼성카드,23,,,,,23
9709,21091,상담한 직원분이 끝까지 책임지고 해결해 주시는 부분은 타카드사 에서는 보기 힘든데 삼성카드는 그렇지가 않네요^^,불만>기타,42,칭찬>삼성카드,23.0,,,23
9710,24384,가장좋은카드회사입니다,칭찬>삼성카드,23,,,,,23
9711,24534,역시 삼성 입니다,칭찬>삼성카드,23,,,,,23
9712,24535,역시 삼성맴  입니다,칭찬>삼성카드,23,,,,,23
9713,24777,역시 삼성은 이나라 제일기업입니다.감사하고긍지를느낍니다.,칭찬>삼성카드,23,,,,,23
9714,25741,다른 카드사보다더  업무가 편리해서 좋아요,칭찬>삼성카드,23,,,,,23
9715,26107,다른 카드사보다 좋아요,칭찬>삼성카드,23,,,,,23
9716,26225,어느 카드사보다 빨라서 좋아요그냥 굿,칭찬>삼성카드,23,,,,,23
9717,26399,늘 만족하며 사용하고 있습니다. 감사합니다.,칭찬>삼성카드,23,,,,,23
9718,26761,만족 합니다사용함에,칭찬>삼성카드,23,,,,,23
9854,232,아주싼 저리의  상품 있다고 안내받는전화 받았을때 매우 도움 되었습니다감사합니다,칭찬>삼성카드>고객정보관리,19,,,,,19
9859,223,어려울때  대출해주셔서 큰힘이됩니다 감사합니다 삼성 사랑합니다,칭찬>삼성카드>금융상품,18,,,,,18
9863,110,삼성카드사에서  보안을 위해  제 카드를 모니터링해주고있는지는  몰랐습니다. 보이스피싱 당한 줄 알았는데 상담원과 통화를 하고 안심할 수 있었습니다.  너무 감사합니다.,칭찬>삼성카드>상담/채널,15,,,,,15
9864,111,가장 최고로 좋은점은 빠른 음성통화 연결폰화면에  터치화면이 같이뜨는것이  타사에비해압도적인 편리함,칭찬>삼성카드>상담/채널,15,,,,,15
9865,112,통화시 같이 연결되는 화면 서비스가 상당히 편하고 좋다,칭찬>삼성카드>상담/채널,15,,,,,15
9866,113,화면으로 볼 수 있어 너무 좋아요,칭찬>삼성카드>상담/채널,15,,,,,15
9867,114,화면을 터치하며 상담하는 점,칭찬>삼성카드>상담/채널,15,,,,,15
9868,115,디지털ars 보이는 서비스좋아요,칭찬>삼성카드>상담/채널,15,,,,,15
9923,106,문자서비스 편리하고 좋습니다^^,칭찬>삼성카드>생활편의서비스,14,,,,,14
9928,27937,한도 올려주셔서 감사해요❤ 잘쓰고 잘갚을게요,칭찬>삼성카드>심사/한도,13,,,,,13
9929,27940,한도상향 잘올려쥬셔서감사,칭찬>삼성카드>심사/한도,13,,,,,13
9948,6,삼성카드사용을 별로 하지않아서 연회비가 부담스러워 해지 할까 했는데  미리 알아서  연회비 면제 서비스를 해줘서  기분이 좋았습니다,칭찬>삼성카드>청구입금,12,,,,,12
9958,103,카드분실된지 1분만에 카드를 통해서 연락받아 바로 찾았어요 잃어버린지도 몰랐는데 감사합니다!!,칭찬>삼성카드>카드상품,11,,,,,11
9961,2,수시로 6개월무이자할부와 링크혜택이 다른카드와 구별되는 기능이 편리함,칭찬>삼성카드>혜택,7,칭찬>삼성카드>혜택,7.0,,,7
9962,4,무이자할부 자주 많이 주셔서감사합니다,칭찬>삼성카드>혜택,7,,,,,7
9963,5,무이자혜택만족긴할부만족잘쓰고있습니다,칭찬>삼성카드>혜택,7,,,,,7
9964,7,무이자 혜택이 많아 잘쓰고있어요.,칭찬>삼성카드>혜택,7,,,,,7
